year,destructionEfficiencyId,destructionEfficiency,methaneFractionId,methaneFraction,referenceTemperatureId,referenceConditionId,total_sites,total_volume_bcm,total_ch4_slip_tonnes,total_co2_tonnes_methane_fraction_only,total_co2e_20yr_tonnes_methane_slip_only,total_co2e_100yr_tonnes_methane_slip_only
2022,design_98,0.98,x75,0.75,0C,0C,158,5.405461030274345,58035.113491522134,7800866.307596547,4787896.8630505735,1729446.3820473582
2022,design_98,0.98,x75,0.75,15C,15C,158,5.405461030274345,55014.024814191456,7394782.689293757,4538657.047170795,1639417.9394629046
2022,design_98,0.98,x75,0.75,20C,20C,158,5.405461030274345,54075.699301413166,7268656.42817669,4461245.192366582,1611455.8391821114
2022,design_98,0.98,x85,0.85,0C,0C,158,5.405461030274345,65773.12862372509,8840981.815276075,5426283.111457321,1960039.232987007
2022,design_98,0.98,x85,0.85,15C,15C,158,5.405461030274345,62349.2281227503,8380753.714532921,5143811.320126901,1858006.9980579584
2022,design_98,0.98,x85,0.85,20C,20C,158,5.405461030274345,61285.79254160155,8237810.618600243,5056077.884682129,1826316.6177397273
2022,design_98,0.98,x95,0.95,0C,0C,158,5.405461030274345,73511.143755928,9881097.322955616,6064669.359864059,2190632.083926655
2022,design_98,0.98,x95,0.95,15C,15C,158,5.405461030274345,69684.43143130915,9366724.7397721,5748965.5930830045,2076596.0566530142
2022,design_98,0.98,x95,0.95,20C,20C,158,5.405461030274345,68495.88578179001,9206964.809023801,5650910.576997677,2041177.3962973424
2022,plant2022_effective,0.911,x75,0.75,0C,0C,158,5.405461030274345,258256.25503727302,7251621.639000463,21306141.040575016,7696036.400110735
2022,plant2022_effective,0.911,x75,0.75,15C,15C,158,5.405461030274345,244812.41042315162,6874129.622394503,20197023.85991001,7295409.8306099195
2022,plant2022_effective,0.911,x75,0.75,20C,20C,158,5.405461030274345,240636.86189128816,6756883.679662209,19852541.10603128,7170978.484360391
2022,plant2022_effective,0.911,x85,0.85,0C,0C,158,5.405461030274345,292690.4223755761,8218504.5242005205,24146959.84598502,8722174.586792167
2022,plant2022_effective,0.911,x85,0.85,15C,15C,158,5.405461030274345,277454.0651462384,7790680.238713768,22889960.37456467,8268131.141357908
2022,plant2022_effective,0.911,x85,0.85,20C,20C,158,5.405461030274345,272721.7768101268,7657801.5036171675,22499546.586835437,8127108.948941778
2022,plant2022_effective,0.911,x95,0.95,0C,0C,158,5.405461030274345,327124.589713879,9185387.409400586,26987778.651395027,9748312.773473589
2022,plant2022_effective,0.911,x95,0.95,15C,15C,158,5.405461030274345,310095.71986932534,8707230.855033029,25582896.889219385,9240852.452105887
2022,plant2022_effective,0.911,x95,0.95,20C,20C,158,5.405461030274345,304806.69172896503,8558719.327572124,25146552.06763963,9083239.413523158
2022,plant2022_lit,0.952,x75,0.75,0C,0C,158,5.405461030274345,139284.27237965306,7577984.413093783,11490952.47132137,4150671.3169136625
2022,plant2022_lit,0.952,x75,0.75,15C,15C,158,5.405461030274345,132033.6595540595,7183503.183885364,10892776.9132099,3934603.0547109726
2022,plant2022_lit,0.952,x75,0.75,20C,20C,158,5.405461030274345,129781.67832339149,7060980.530228782,10706988.461679803,3867494.0140370675
2022,plant2022_lit,0.952,x85,0.85,0C,0C,158,5.405461030274345,157855.50869694012,8588382.33483962,13023079.467497563,4704094.159168821
2022,plant2022_lit,0.952,x85,0.85,15C,15C,158,5.405461030274345,149638.14749460074,8141303.6084034145,12345147.16830454,4459216.795339102
2022,plant2022_lit,0.952,x85,0.85,20C,20C,158,5.405461030274345,147085.9020998436,8002444.6009259485,12134586.923237111,4383159.88257534
2022,plant2022_lit,0.952,x95,0.95,0C,0C,158,5.405461030274345,176426.7450142271,9598780.256585466,14555206.463673742,5257517.001423973
2022,plant2022_lit,0.952,x95,0.95,15C,15C,158,5.405461030274345,167242.6354351419,9099104.032921452,13797517.423399212,4983830.535967235
2022,plant2022_lit,0.952,x95,0.95,20C,20C,158,5.405461030274345,164390.125876296,8943908.67162312,13562185.384794414,4898825.751113619
2023,design_98,0.98,x75,0.75,0C,0C,159,5.8711801670350106,63035.253684135205,8472966.744989717,5200408.428941157,1878450.55978723
2023,design_98,0.98,x75,0.75,15C,15C,159,5.8711801670350106,59753.87660531505,8031896.117973084,4929694.819938491,1780665.5228383888
2023,design_98,0.98,x75,0.75,20C,20C,159,5.8711801670350106,58734.70763711933,7894903.177192369,4845613.380062345,1750294.2875861563
2023,design_98,0.98,x85,0.85,0C,0C,159,5.8711801670350106,71439.95417535324,9602695.644321686,5893796.219466643,2128910.6344255274
2023,design_98,0.98,x85,0.85,15C,15C,159,5.8711801670350106,67721.06015269039,9102815.600369489,5586987.4625969585,2018087.5925501739
2023,design_98,0.98,x85,0.85,20C,20C,159,5.8711801670350106,66566.00198873525,8947556.934151344,5491695.164070659,1983666.8592643111
2023,design_98,0.98,x95,0.95,0C,0C,159,5.8711801670350106,79844.65466657127,10732424.543653648,6587184.00999213,2379370.709063824
2023,design_98,0.98,x95,0.95,15C,15C,159,5.8711801670350106,75688.24370006574,10173735.0827659,6244280.105255421,2255509.6622619587
2023,design_98,0.98,x95,0.95,20C,20C,159,5.8711801670350106,74397.29634035112,10000210.691110332,6137776.948078967,2217039.4309424637
2023,plant2022_effective,0.911,x75,0.75,0C,0C,159,5.8711801670350106,280506.87889440154,7876400.719066974,23141817.508788105,8359104.991053162
2023,plant2022_effective,0.911,x75,0.75,15C,15C,159,5.8711801670350106,265904.7508936516,7466385.06476885,21937141.948726263,7923961.576630822
2023,plant2022_effective,0.911,x75,0.75,20C,20C,159,5.8711801670350106,261369.44898518073,7339037.545328823,21562979.541277412,7788809.579758387
2023,plant2022_effective,0.911,x85,0.85,0C,0C,159,5.8711801670350106,317907.7960803215,8926587.481609238,26227393.176626526,9473652.32319359
2023,plant2022_effective,0.911,x85,0.85,15C,15C,159,5.8711801670350106,301358.7176794721,8461903.0734047,24862094.20855643,8980489.786848258
2023,plant2022_effective,0.911,x85,0.85,20C,20C,159,5.8711801670350106,296218.70884987153,8317575.884706001,24438043.480114385,8827317.523726175
2023,plant2022_effective,0.911,x95,0.95,0C,0C,159,5.8711801670350106,355308.71326624154,9976774.244151503,29312968.844464924,10588199.655334007
2023,plant2022_effective,0.911,x95,0.95,15C,15C,159,5.8711801670350106,336812.6844652923,9457421.082040543,27787046.468386605,10037017.997065706
2023,plant2022_effective,0.911,x95,0.95,20C,20C,159,5.8711801670350106,331067.96871456236,9296114.224083172,27313107.4189514,9865825.467693962
2023,plant2022_lit,0.952,x75,0.75,0C,0C,159,5.8711801670350106,151284.60884192455,8230881.980847161,12480980.229458772,4508281.343489354
2023,plant2022_lit,0.952,x75,0.75,15C,15C,159,5.8711801670350106,143409.30385275616,7802413.371745276,11831267.567852382,4273597.2548121335
2023,plant2022_lit,0.952,x75,0.75,20C,20C,159,5.8711801670350106,140963.29832908648,7669334.514986871,11629472.112149624,4200706.290206775
2023,plant2022_lit,0.952,x85,0.85,0C,0C,159,5.8711801670350106,171455.8900208479,9328332.911626784,14145110.926719947,5109385.522621263
2023,plant2022_lit,0.952,x85,0.85,15C,15C,159,5.8711801670350106,162530.5443664569,8842735.154644646,13408769.910232697,4843410.222120417
2023,plant2022_lit,0.952,x85,0.85,20C,20C,159,5.8711801670350106,159758.40477296466,8691912.450318458,13180068.39376958,4760800.462234346
2023,plant2022_lit,0.952,x95,0.95,0C,0C,159,5.8711801670350106,191627.17119977108,10425783.842406401,15809241.623981113,5710489.701753178
2023,plant2022_lit,0.952,x95,0.95,15C,15C,159,5.8711801670350106,181651.78488015785,9883056.93754402,14986272.252613015,5413223.189428702
2023,plant2022_lit,0.952,x95,0.95,20C,20C,159,5.8711801670350106,178553.51121684286,9714490.385650039,14730664.675389534,5320894.634261914
2024,design_98,0.98,x75,0.75,0C,0C,182,6.634366552306519,71229.11693397695,9574355.678502899,5876402.1470530955,2122627.6846325127
2024,design_98,0.98,x75,0.75,15C,15C,182,6.634366552306519,67521.19830128686,9075950.906066513,5570498.859856165,2012131.709378349
2024,design_98,0.98,x75,0.75,20C,20C,182,6.634366552306519,66369.54900397682,8921150.447153563,5475487.792828087,1977812.560318509
2024,design_98,0.98,x85,0.85,0C,0C,182,6.634366552306519,80726.33252517393,10850936.435636623,6659922.433326846,2405644.709250183
2024,design_98,0.98,x85,0.85,15C,15C,182,6.634366552306519,76524.02474145837,10286077.693542058,6313232.041170316,2280415.9372954615
2024,design_98,0.98,x85,0.85,20C,20C,182,6.634366552306519,75218.82220450709,10110637.1734407,6205552.831871831,2241520.9016943094
2024,design_98,0.98,x95,0.95,0C,0C,182,6.634366552306519,90223.54811637077,12127517.192770341,7443442.719600587,2688661.7338678488
2024,design_98,0.98,x95,0.95,15C,15C,182,6.634366552306519,85526.85118162997,11496204.481017584,7055965.222484474,2548700.1652125735
2024,design_98,0.98,x95,0.95,20C,20C,182,6.634366552306519,84068.09540503735,11300123.899727842,6935617.870915577,2505229.2430701125
2024,plant2022_effective,0.911,x75,0.75,0C,0C,182,6.634366552306519,316969.57035619713,8900242.880730757,26149989.55438625,9445693.19661467
2024,plant2022_effective,0.911,x75,0.75,15C,15C,182,6.634366552306519,300469.3324407261,8436929.872884288,24788719.92635989,8953986.106733643
2024,plant2022_effective,0.911,x75,0.75,20C,20C,182,6.634366552306519,295344.49306769634,8293028.629956021,24365920.678084943,8801265.893417351
2024,plant2022_effective,0.911,x85,0.85,0C,0C,182,6.634366552306519,359232.1797370235,10086941.931494854,29636654.82830441,10705118.956163296
2024,plant2022_effective,0.911,x85,0.85,15C,15C,182,6.634366552306519,340531.9100994895,9561853.85593552,28093882.583207887,10147850.920964794
2024,plant2022_effective,0.911,x85,0.85,20C,20C,182,6.634366552306519,334723.7588100559,9398765.780616818,27614710.10182963,9974768.012539668
2024,plant2022_effective,0.911,x95,0.95,0C,0C,182,6.634366552306519,401494.78911784943,11273640.982258951,33123320.102222573,11964544.715711914
2024,plant2022_effective,0.911,x95,0.95,15C,15C,182,6.634366552306519,380594.48775825294,10686777.838986764,31399045.24005586,11341715.735195948
2024,plant2022_effective,0.911,x95,0.95,20C,20C,182,6.634366552306519,374103.0245524156,10504502.931277618,30863499.525574278,11148270.131661974
2024,plant2022_lit,0.952,x75,0.75,0C,0C,182,6.634366552306519,170949.8806415446,9300802.659117103,14103365.15292743,5094306.443118031
2024,plant2022_lit,0.952,x75,0.75,15C,15C,182,6.634366552306519,162050.8759230882,8816638.023036052,13369197.263654787,4829116.1025080355
2024,plant2022_lit,0.952,x75,0.75,20C,20C,182,6.634366552306519,159286.9176095443,8666260.434377745,13141170.702787397,4746750.144764418
2024,plant2022_lit,0.952,x85,0.85,0C,0C,182,6.634366552306519,193743.1980604173,10540909.680332718,15983813.83998442,5773547.302200436
2024,plant2022_lit,0.952,x85,0.85,15C,15C,182,6.634366552306519,183657.65937950014,9992189.759440849,15151756.89880877,5472998.249509109
2024,plant2022_lit,0.952,x85,0.85,20C,20C,182,6.634366552306519,180525.17329081686,9821761.825628104,14893326.796492398,5379650.164066344
2024,plant2022_lit,0.952,x95,0.95,0C,0C,182,6.634366552306519,216536.51547928996,11781016.701548332,17864262.527041417,6452788.161282843
2024,plant2022_lit,0.952,x95,0.95,15C,15C,182,6.634366552306519,205264.44283591196,11167741.495845653,16934316.53396273,6116880.396510176
2024,plant2022_lit,0.952,x95,0.95,20C,20C,182,6.634366552306519,201763.4289720895,10977263.216878481,16645482.890197387,6012550.183368264
