year,factor,levels_compared,min_total_ch4_slip_tonnes,max_total_ch4_slip_tonnes,range_total_ch4_slip_tonnes,min_total_co2e_20yr_tonnes_methane_slip_only,max_total_co2e_20yr_tonnes_methane_slip_only,range_total_co2e_20yr_tonnes_methane_slip_only,min_total_co2e_100yr_tonnes_methane_slip_only,max_total_co2e_100yr_tonnes_methane_slip_only,range_total_co2e_100yr_tonnes_methane_slip_only
2022,destructionEfficiency,3,62349.2281227503,277454.0651462384,215104.83702348813,5143811.320126901,22889960.37456467,17746149.054437768,1858006.9980579584,8268131.141357908,6410124.143299949
2022,methaneFraction,3,55014.024814191456,69684.43143130915,14670.40661711769,4538657.047170795,5748965.5930830045,1210308.54591221,1639417.9394629046,2076596.0566530142,437178.11719010957
2022,referenceTemperature,3,61285.79254160155,65773.12862372509,4487.33608212354,5056077.884682129,5426283.111457321,370205.2267751917,1826316.6177397273,1960039.232987007,133722.61524727964
2023,destructionEfficiency,3,67721.06015269039,301358.7176794721,233637.65752678172,5586987.4625969585,24862094.20855643,19275106.74595947,2018087.5925501739,8980489.786848258,6962402.194298085
2023,methaneFraction,3,59753.87660531505,75688.24370006574,15934.36709475069,4929694.819938491,6244280.105255421,1314585.2853169302,1780665.5228383888,2255509.6622619587,474844.1394235699
2023,referenceTemperature,3,66566.00198873525,71439.95417535324,4873.952186617986,5491695.164070659,5893796.219466643,402101.0553959841,1983666.8592643111,2128910.6344255274,145243.77516121627
2024,destructionEfficiency,3,76524.02474145837,340531.9100994895,264007.88535803114,6313232.041170316,28093882.583207887,21780650.54203757,2280415.9372954615,10147850.920964794,7867434.983669333
2024,methaneFraction,3,67521.19830128686,85526.85118162997,18005.652880343114,5570498.859856165,7055965.222484474,1485466.362628309,2012131.709378349,2548700.1652125735,536568.4558342246
2024,referenceTemperature,3,75218.82220450709,80726.33252517393,5507.510320666843,6205552.831871831,6659922.433326846,454369.60145501513,2241520.9016943094,2405644.709250183,164123.8075558734
