id2022,id2023,id2024,present2022,present2023,present2024,status
5772,5911,7003,true,true,true,present_all_years
5900,6031,7134,true,true,true,present_all_years
5839,5973,7075,true,true,true,present_all_years
5849,5984,7088,true,true,true,present_all_years
5990,6107,7215,true,true,true,present_all_years
5982,6098,7206,true,true,true,present_all_years
5779,5918,7009,true,true,true,present_all_years
5807,5943,7038,true,true,true,present_all_years
5771,5910,7002,true,true,true,present_all_years
5803,5940,7034,true,true,true,present_all_years
5975,6090,7198,true,true,true,present_all_years
5808,5944,7037,true,true,true,present_all_years
5829,5964,7066,true,true,true,present_all_years
5812,5948,7044,true,true,true,present_all_years
5910,6040,7142,true,true,true,present_all_years
5977,6093,7201,true,true,true,present_all_years
5814,5950,7046,true,true,true,present_all_years
5974,6089,7197,true,true,true,present_all_years
5846,5981,7080,true,true,true,present_all_years
5855,5990,7089,true,true,true,present_all_years
5976,6092,7199,true,true,true,present_all_years
5943,6066,7167,true,true,true,present_all_years
5851,5987,7086,true,true,true,present_all_years
5792,5932,7023,true,true,true,present_all_years
5989,6106,7214,true,true,true,present_all_years
5816,5952,7050,true,true,true,present_all_years
5897,6028,7131,true,true,true,present_all_years
5912,6042,7144,true,true,true,present_all_years
5813,5949,7045,true,true,true,present_all_years
5837,5972,7074,true,true,true,present_all_years
5923,6053,7154,true,true,true,present_all_years
5777,5916,7008,true,true,true,present_all_years
5827,5963,7062,true,true,true,present_all_years
5979,6095,7203,true,true,true,present_all_years
5911,6041,7143,true,true,true,present_all_years
5927,6055,7156,true,true,true,present_all_years
5774,5914,7006,true,true,true,present_all_years
6004,6121,7229,true,true,true,present_all_years
5917,6047,7149,true,true,true,present_all_years
5913,6043,7146,true,true,true,present_all_years
5998,6115,7224,true,true,true,present_all_years
5795,5935,7027,true,true,true,present_all_years
5956,6073,7175,true,true,true,present_all_years
5967,6081,7186,true,true,true,present_all_years
5909,6039,7141,true,true,true,present_all_years
5819,5954,7052,true,true,true,present_all_years
6003,6120,7228,true,true,true,present_all_years
5832,5967,7068,true,true,true,present_all_years
5782,5921,7012,true,true,true,present_all_years
6002,6119,7227,true,true,true,present_all_years
5797,5936,7029,true,true,true,present_all_years
5801,5938,7032,true,true,true,present_all_years
5869,5998,7094,true,true,true,present_all_years
5986,6103,7211,true,true,true,present_all_years
5929,6056,7157,true,true,true,present_all_years
5823,5959,7057,true,true,true,present_all_years
5834,5970,7072,true,true,true,present_all_years
5958,6076,7178,true,true,true,present_all_years
5957,6075,7177,true,true,true,present_all_years
5842,5976,7077,true,true,true,present_all_years
5781,5920,7011,true,true,true,present_all_years
5898,6029,7132,true,true,true,present_all_years
5817,5953,7051,true,true,true,present_all_years
5983,6099,7207,true,true,true,present_all_years
5868,5997,7092,true,true,true,present_all_years
5953,6071,7171,true,true,true,present_all_years
5901,6032,7135,true,true,true,present_all_years
5847,5982,7082,true,true,true,present_all_years
5831,5968,7069,true,true,true,present_all_years
5902,6033,7136,true,true,true,present_all_years
5955,6072,7173,true,true,true,present_all_years
5833,5969,7070,true,true,true,present_all_years
5988,6105,7213,true,true,true,present_all_years
5822,5958,7056,true,true,true,present_all_years
5920,6050,7151,true,true,true,present_all_years
5985,6102,7210,true,true,true,present_all_years
5825,5961,7060,true,true,true,present_all_years
5826,5962,7061,true,true,true,present_all_years
5811,5947,7042,true,true,true,present_all_years
5951,6070,7169,true,true,true,present_all_years
6001,6118,7226,true,true,true,present_all_years
5820,5956,7054,true,true,true,present_all_years
5949,6067,,true,true,false,dropped_after_2023
5993,6109,7218,true,true,true,present_all_years
5871,6002,7100,true,true,true,present_all_years
5921,6051,7153,true,true,true,present_all_years
5980,6096,7204,true,true,true,present_all_years
5973,6087,7195,true,true,true,present_all_years
5815,5951,7047,true,true,true,present_all_years
5824,5960,7059,true,true,true,present_all_years
5933,6058,7160,true,true,true,present_all_years
5987,6104,7212,true,true,true,present_all_years
5915,6045,7147,true,true,true,present_all_years
5810,5946,7040,true,true,true,present_all_years
5788,5928,7018,true,true,true,present_all_years
5984,6101,7209,true,true,true,present_all_years
5780,5919,7010,true,true,true,present_all_years
5790,5930,7021,true,true,true,present_all_years
5936,6059,7162,true,true,true,present_all_years
5802,5939,7033,true,true,true,present_all_years
5785,5925,7015,true,true,true,present_all_years
5942,6065,7166,true,true,true,present_all_years
5978,6094,7202,true,true,true,present_all_years
5783,5922,7013,true,true,true,present_all_years
5775,5915,7007,true,true,true,present_all_years
5940,6064,,true,true,false,dropped_after_2023
5970,6084,7191,true,true,true,present_all_years
5922,6052,,true,true,false,dropped_after_2023
5872,6003,7101,true,true,true,present_all_years
5903,6034,7137,true,true,true,present_all_years
5919,6049,7152,true,true,true,present_all_years
5844,5979,,true,true,false,dropped_after_2023
5794,5934,7025,true,true,true,present_all_years
5821,5957,7055,true,true,true,present_all_years
5907,6037,7140,true,true,true,present_all_years
5971,6085,7193,true,true,true,present_all_years
5793,5933,7024,true,true,true,present_all_years
5916,6046,7148,true,true,true,present_all_years
6000,6117,7225,true,true,true,present_all_years
5995,6112,7221,true,true,true,present_all_years
5805,5941,7036,true,true,true,present_all_years
5857,5991,,true,true,false,dropped_after_2023
5935,,,true,false,false,dropped_after_2022
5786,5926,7016,true,true,true,present_all_years
5853,5989,,true,true,false,dropped_after_2023
5852,5988,7087,true,true,true,present_all_years
5925,6054,7155,true,true,true,present_all_years
5865,5995,7090,true,true,true,present_all_years
5918,6048,7150,true,true,true,present_all_years
5965,6080,7183,true,true,true,present_all_years
5828,,,true,false,false,dropped_after_2022
5908,6038,,true,true,false,dropped_after_2023
5778,5917,,true,true,false,dropped_after_2023
5838,,,true,false,false,dropped_after_2022
5850,5985,7085,true,true,true,present_all_years
6010,6127,7235,true,true,true,present_all_years
5962,6078,7179,true,true,true,present_all_years
5981,6097,7205,true,true,true,present_all_years
5928,,,true,false,false,dropped_after_2022
5904,6035,7138,true,true,true,present_all_years
5899,6030,7133,true,true,true,present_all_years
5841,,,true,false,false,dropped_after_2022
5789,5929,7020,true,true,true,present_all_years
5952,6069,7170,true,true,true,present_all_years
5867,5996,,true,true,false,dropped_after_2023
5804,,,true,false,false,dropped_after_2022
5905,,,true,false,false,dropped_after_2022
5991,6108,7216,true,true,true,present_all_years
5960,,,true,false,false,dropped_after_2022
5773,,,true,false,false,dropped_after_2022
5836,,,true,false,false,dropped_after_2022
5776,,,true,false,false,dropped_after_2022
5972,6086,7194,true,true,true,present_all_years
5999,6116,7223,true,true,true,present_all_years
5769,,,true,false,false,dropped_after_2022
5791,,,true,false,false,dropped_after_2022
5800,5937,7031,true,true,true,present_all_years
5809,,,true,false,false,dropped_after_2022
5818,,,true,false,false,dropped_after_2022
5830,,,true,false,false,dropped_after_2022
5926,,,true,false,false,dropped_after_2022
5870,6000,7096,true,true,true,present_all_years
5964,6079,7182,true,true,true,present_all_years
5969,6083,7190,true,true,true,present_all_years
5787,5927,7017,true,true,true,present_all_years
,5912,7004,false,true,true,new_2023_persisted
,5913,7005,false,true,true,new_2023_persisted
,5923,7014,false,true,true,new_2023_persisted
,5945,7039,false,true,true,new_2023_persisted
,5955,7053,false,true,true,new_2023_persisted
,5965,,false,true,false,only_2023
,5966,7067,false,true,true,new_2023_persisted
,5971,7073,false,true,true,new_2023_persisted
,5978,7079,false,true,true,new_2023_persisted
,5986,,false,true,false,only_2023
,5999,7095,false,true,true,new_2023_persisted
,6036,7139,false,true,true,new_2023_persisted
,6057,7158,false,true,true,new_2023_persisted
,6060,7163,false,true,true,new_2023_persisted
,6068,,false,true,false,only_2023
,6088,7196,false,true,true,new_2023_persisted
,6100,7208,false,true,true,new_2023_persisted
,6110,7217,false,true,true,new_2023_persisted
,6061,7164,false,true,true,new_2023_persisted
,6082,7187,false,true,true,new_2023_persisted
,,7019,false,false,true,new_2024
,,7022,false,false,true,new_2024
,,7026,false,false,true,new_2024
,,7028,false,false,true,new_2024
,,7030,false,false,true,new_2024
,,7058,false,false,true,new_2024
,,7065,false,false,true,new_2024
,,7078,false,false,true,new_2024
,,7091,false,false,true,new_2024
,,7097,false,false,true,new_2024
,,7098,false,false,true,new_2024
,,7099,false,false,true,new_2024
,,7159,false,false,true,new_2024
,,7161,false,false,true,new_2024
,,7176,false,false,true,new_2024
,,7200,false,false,true,new_2024
,,7219,false,false,true,new_2024
,,6999,false,false,true,new_2024
,,7041,false,false,true,new_2024
,,7180,false,false,true,new_2024
,,7035,false,false,true,new_2024
,,7174,false,false,true,new_2024
