year,rank,site_id,sheet,flare_type,latitude,longitude,volume_bcm,share_of_national_flared_volume,ch4_slip_tonnes_central,share_of_national_ch4_slip_central
2022,1,5772,flare upstream,upstream oil,5.70853,4.481316,0.18783718525,0.03474952167779603,2166.6058542453598,0.034749521677796005
2022,2,5900,flare upstream,upstream oil,3.465575,5.561488,0.1730858351,0.03202054998280421,1996.4565754937857,0.03202054998280418
2022,3,5839,flare upstream,upstream oil,5.6598,6.51654,0.1696485988,0.031384667810913765,1956.8098128993988,0.03138466781091374
2022,4,5849,flare upstream,upstream gas,5.386367,6.657169,0.16712688257,0.03091815510905973,1927.7231060293407,0.030918155109059698
2022,5,5990,flare upstream,upstream oil,4.146358,7.972099,0.1627300967,0.03010475809345367,1877.0084299489545,0.030104758093453643
2022,6,5982,flare upstream,upstream gas,4.304848,7.659925,0.15403104162,0.028495449464406263,1776.6692791165674,0.028495449464406238
2022,7,5779,flare upstream,upstream oil,5.559557,5.072744,0.15276944968,0.028262057357251257,1762.1174613855103,0.02826205735725123
2022,8,5807,flare upstream,upstream oil,5.900736,5.58305,0.14683750191,0.027164658312696693,1693.6954780148897,0.02716465831269667
2022,9,5771,flare upstream,upstream oil,5.358877,4.342074,0.12267587349,0.022694803052492604,1415.0034527207497,0.02269480305249258
2022,10,5803,flare upstream,upstream oil,5.524315,5.467962,0.11555072627,0.021376664381231404,1332.8185240088665,0.021376664381231387
2022,11,5975,flare upstream,upstream oil,3.575634,7.394019,0.11374522324,0.02104264975789254,1311.9929700619768,0.021042649757892516
2022,12,5808,flare upstream,upstream oil,6.062372,5.586759,0.11362516947,0.02102044003899389,1310.6082112318231,0.021020440038993872
2022,13,5829,flare upstream,upstream oil,5.685046,6.359328,0.11062118345,0.020464708344106887,1275.9587690122707,0.02046470834410687
2022,14,5812,flare upstream,upstream gas,6.013639,5.865574,0.11010486418,0.020369190262095334,1270.0032903270846,0.020369190262095313
2022,15,5910,flare upstream,upstream oil,3.9359,5.870955,0.10889874941,0.020146061325776135,1256.0913733757325,0.020146061325776118
2022,16,5977,flare upstream,upstream oil,4.017078,7.492027,0.09668261787,0.017886100247233316,1115.1845445411293,0.017886100247233295
2022,17,5814,flare upstream,upstream gas,5.43438,5.884348,0.08688047705,0.01607272285627606,1002.1218639196978,0.016072722856276044
2022,18,5974,flare upstream,upstream oil,3.98963,7.290181,0.08509933701,0.015743215339706358,981.5773246009328,0.015743215339706348
2022,19,5846,flare upstream,upstream oil,5.250701,6.599837,0.08471011623,0.015671210236382127,977.0878619877681,0.015671210236382113
2022,20,5855,flare upstream,upstream oil,5.459336,6.695024,0.08149244037,0.015075946327905355,939.9736167649098,0.015075946327905342
2023,1,6093,flare upstream,upstream oil,4.016961,7.492235,0.27396182255,0.04666213857449256,3160.0094932563848,0.04666213857449255
2023,2,6098,flare upstream,upstream gas,4.304656,7.659972,0.21173052725,0.03606268607439541,2442.2033329117226,0.036062686074395424
2023,3,6090,flare upstream,upstream oil,3.575617,7.394168,0.19327512203,0.03291929672251999,2229.3296735300405,0.032919296722519996
2023,4,5911,flare upstream,upstream oil,5.708536,4.481537,0.17588141482,0.029956739499755705,2028.702157641433,0.029956739499755712
2023,5,6107,flare upstream,upstream oil,4.146253,7.972354,0.14780967327,0.025175462013567365,1704.908977392568,0.025175462013567372
2023,6,5984,flare upstream,upstream gas,5.386319,6.657344,0.13322269992,0.022690957546833118,1536.6557009512296,0.022690957546833118
2023,7,5943,flare upstream,upstream oil,5.900668,5.583204,0.13044091611,0.02221715437083472,1504.5692475689063,0.02221715437083472
2023,8,5973,flare upstream,upstream oil,5.659657,6.516614,0.1256543224,0.021401884940529147,1449.358337438533,0.021401884940529147
2023,9,5910,flare upstream,upstream oil,5.358898,4.342184,0.11451104301,0.019503922508279783,1320.8263093966273,0.019503922508279783
2023,10,5944,flare upstream,upstream oil,6.062322,5.586799,0.10879542685,0.01853041871561957,1254.8996004950131,0.018530418715619577
2023,11,6092,flare upstream,upstream oil,4.459638,7.468476,0.10657399181,0.018152056107625915,1229.2764835595458,0.01815205610762592
2023,12,6040,flare upstream,upstream oil,3.935901,5.870885,0.10515448073,0.017910280001355125,1212.9031493232985,0.01791028000135513
2023,13,5918,flare upstream,upstream oil,5.559502,5.072844,0.10479960296,0.01784983597478743,1208.8098157642366,0.017849835974787433
2023,14,5916,flare upstream,upstream oil,5.951114,5.050883,0.10405227558,0.017722548554074978,1200.1897766894879,0.01772254855407498
2023,15,6110,flare upstream,upstream oil,4.553198,8.009776,0.10144044564,0.017277692517350934,1170.0636542672114,0.017277692517350937
2023,16,6083,flare gas downstream,lng,4.423558,7.155188,0.09774607706,0.016648454702312857,1127.4510023446705,0.01664845470231286
2023,17,5948,flare upstream,upstream gas,6.013546,5.865763,0.09745959178,0.016599659524537774,1124.1465411754027,0.016599659524537777
2023,18,5950,flare upstream,upstream gas,5.434027,5.884532,0.09476381226,0.01614050490088374,1093.0521032875417,0.01614050490088374
2023,19,6081,flare upstream,upstream oil,4.892484,7.12021,0.08530744978,0.014529864073832518,983.9777989544272,0.01452986407383252
2023,20,5964,flare upstream,upstream oil,5.685008,6.359505,0.08494993024,0.014468970091732059,979.8539939296651,0.01446897009173206
2024,1,7009,flare upstream,upstream,5.560813,5.07235,0.22399685242,0.03376311071358045,2583.6891195946296,0.033763110713580465
2024,2,7201,flare upstream,upstream,4.018041,7.491752,0.21130608287,0.03185022732826495,2437.3075840892216,0.031850227328264966
2024,3,7206,flare upstream,upstream,4.305948,7.65975,0.16906858352,0.02548375676668351,1950.1196333189969,0.02548375676668352
2024,4,7094,flare upstream,upstream,5.505105,6.831634,0.14711899718,0.022175289233732836,1696.9423819711674,0.02217528923373284
2024,5,7008,flare upstream,upstream,5.952297,5.050406,0.1467620647,0.022121488697210492,1692.8253483832277,0.022121488697210496
2024,6,7003,flare upstream,upstream,5.709685,4.481132,0.14479277193,0.021824656625229883,1670.1105635629256,0.02182465662522989
2024,7,7215,flare upstream,upstream,4.147587,7.97199,0.14149232061,0.021327178637847267,1632.0415457481274,0.021327178637847277
2024,8,7198,flare upstream,upstream,3.57675,7.393808,0.13671834869,0.02060759646186088,1576.9762215094327,0.02060759646186089
2024,9,7037,flare upstream,upstream,6.063436,5.586368,0.13326966472,0.02008777532403107,1537.197415897011,0.020087775324031075
2024,10,7013,flare upstream,upstream,5.437318,5.141242,0.12854970232,0.019376334018702677,1482.7550638459659,0.019376334018702687
2024,11,7189,flare gas downstream,lng,4.423512,7.161621,0.11440478515,0.017244266539693343,1319.6006793317968,0.01724426653969335
2024,12,7038,flare upstream,upstream,5.901582,5.582832,0.11335424128,0.01708591775662305,1307.4831931383458,0.01708591775662306
2024,13,7075,flare upstream,upstream,5.660747,6.51644,0.11193649138,0.016872219901850904,1291.1301732125655,0.01687221990185091
2024,14,7044,flare upstream,upstream,6.01454,5.865479,0.1105081744,0.016656929268036975,1274.6552674239842,0.016656929268036982
2024,15,7134,flare upstream,upstream,3.4669,5.561114,0.10777658422,0.016245195885736845,1243.1477718899646,0.016245195885736852
2024,16,7050,flare upstream,upstream,5.517251,5.937709,0.10547149313,0.01589774883531745,1216.5597252073237,0.01589774883531745
2024,17,7208,flare upstream,upstream,4.517509,7.757492,0.10211820641,0.01539230695272593,1177.8812780785213,0.015392306952725936
2024,18,7084,flare upstream,upstream,5.387331,6.656847,0.10205245569,0.01538239632757708,1177.1228771544272,0.015382396327577085
2024,19,7007,flare upstream,upstream,5.775406,4.889978,0.09893692827,0.014912791973425613,1141.1868619386435,0.014912791973425613
2024,20,7171,flare upstream,upstream,3.855679,6.980458,0.09880689448,0.014893191942439264,1139.6869886825111,0.014893191942439269
