source,year,sheet,site_id,latitude,longitude,flare_type,volume,volume_unit,id2022,id2023,idmyc
EOG VIIRS,2022,flare upstream,5772,5.70853,4.481316,upstream oil,0.18783718525,BCM 2022,,,
EOG VIIRS,2022,flare upstream,5900,3.465575,5.561488,upstream oil,0.1730858351,BCM 2022,,,
EOG VIIRS,2022,flare upstream,5839,5.6598,6.51654,upstream oil,0.1696485988,BCM 2022,,,
EOG VIIRS,2022,flare upstream,5849,5.386367,6.657169,upstream gas,0.16712688257,BCM 2022,,,
EOG VIIRS,2022,flare upstream,5990,4.146358,7.972099,upstream oil,0.1627300967,BCM 2022,,,
EOG VIIRS,2022,flare upstream,5982,4.304848,7.659925,upstream gas,0.15403104162,BCM 2022,,,
EOG VIIRS,2022,flare upstream,5779,5.559557,5.072744,upstream oil,0.15276944968,BCM 2022,,,
EOG VIIRS,2022,flare upstream,5807,5.900736,5.58305,upstream oil,0.14683750191,BCM 2022,,,
EOG VIIRS,2022,flare upstream,5771,5.358877,4.342074,upstream oil,0.12267587349,BCM 2022,,,
EOG VIIRS,2022,flare upstream,5803,5.524315,5.467962,upstream oil,0.11555072627,BCM 2022,,,
EOG VIIRS,2022,flare upstream,5975,3.575634,7.394019,upstream oil,0.11374522324,BCM 2022,,,
EOG VIIRS,2022,flare upstream,5808,6.062372,5.586759,upstream oil,0.11362516947,BCM 2022,,,
EOG VIIRS,2022,flare upstream,5829,5.685046,6.359328,upstream oil,0.11062118345,BCM 2022,,,
EOG VIIRS,2022,flare upstream,5812,6.013639,5.865574,upstream gas,0.11010486418,BCM 2022,,,
EOG VIIRS,2022,flare upstream,5910,3.9359,5.870955,upstream oil,0.10889874941,BCM 2022,,,
EOG VIIRS,2022,flare upstream,5977,4.017078,7.492027,upstream oil,0.09668261787,BCM 2022,,,
EOG VIIRS,2022,flare upstream,5814,5.43438,5.884348,upstream gas,0.08688047705,BCM 2022,,,
EOG VIIRS,2022,flare upstream,5974,3.98963,7.290181,upstream oil,0.08509933701,BCM 2022,,,
EOG VIIRS,2022,flare upstream,5846,5.250701,6.599837,upstream oil,0.08471011623,BCM 2022,,,
EOG VIIRS,2022,flare upstream,5855,5.459336,6.695024,upstream oil,0.08149244037,BCM 2022,,,
EOG VIIRS,2022,flare upstream,5976,4.459612,7.468458,upstream oil,0.07859471221,BCM 2022,,,
EOG VIIRS,2022,flare upstream,5943,3.142152,6.823212,upstream gas,0.07598288227,BCM 2022,,,
EOG VIIRS,2022,flare upstream,5851,5.634755,6.669561,upstream oil,0.0703415292,BCM 2022,,,
EOG VIIRS,2022,flare upstream,5792,5.924238,5.31631,upstream oil,0.06838867411,BCM 2022,,,
EOG VIIRS,2022,flare upstream,5989,4.403686,7.828717,upstream oil,0.06666271771,BCM 2022,,,
EOG VIIRS,2022,flare upstream,5816,5.515971,5.937782,upstream oil,0.06464910191,BCM 2022,,,
EOG VIIRS,2022,flare upstream,5897,4.554777,4.61596,upstream oil,0.06039174279,BCM 2022,,,
EOG VIIRS,2022,flare upstream,5912,4.338426,5.925481,upstream oil,0.05818968073,BCM 2022,,,
EOG VIIRS,2022,flare upstream,5813,5.448319,5.880007,upstream gas,0.05763578962,BCM 2022,,,
EOG VIIRS,2022,flare upstream,5837,5.099783,6.506892,upstream oil,0.05755565593,BCM 2022,,,
EOG VIIRS,2022,flare upstream,5923,3.940423,6.397274,upstream oil,0.05710450032,BCM 2022,,,
EOG VIIRS,2022,flare upstream,5777,5.951138,5.050727,upstream oil,0.05707514732,BCM 2022,,,
EOG VIIRS,2022,flare upstream,5827,5.568382,6.305108,upstream oil,0.05665657354,BCM 2022,,,
EOG VIIRS,2022,flare upstream,5979,4.135606,7.516035,upstream oil,0.05646489845,BCM 2022,,,
EOG VIIRS,2022,flare upstream,5911,4.55598,5.921439,upstream oil,0.0559262709,BCM 2022,,,
EOG VIIRS,2022,flare upstream,5927,4.655683,6.614973,upstream oil,0.05101375282,BCM 2022,,,
EOG VIIRS,2022,flare upstream,5774,5.913972,4.88025,upstream oil,0.04975979266,BCM 2022,,,
EOG VIIRS,2022,flare upstream,6004,4.317216,8.36579,upstream oil,0.04933740299,BCM 2022,,,
EOG VIIRS,2022,flare upstream,5917,4.628918,6.26368,upstream oil,0.04576455583,BCM 2022,,,
EOG VIIRS,2022,flare upstream,5913,4.813716,5.961942,upstream oil,0.0451331728,BCM 2022,,,
EOG VIIRS,2022,flare upstream,5998,4.290447,8.166741,upstream oil,0.043970794,BCM 2022,,,
EOG VIIRS,2022,flare upstream,5795,6.153652,5.342662,upstream oil,0.0424825969,BCM 2022,,,
EOG VIIRS,2022,flare upstream,5956,4.93016,7.016167,upstream oil,0.04020333645,BCM 2022,,,
EOG VIIRS,2022,flare upstream,5967,4.892522,7.120016,upstream oil,0.03972106666,BCM 2022,,,
EOG VIIRS,2022,flare upstream,5909,4.326692,5.821742,upstream oil,0.03913136489,BCM 2022,,,
EOG VIIRS,2022,flare upstream,5819,5.521927,6.058793,upstream oil,0.03873275115,BCM 2022,,,
EOG VIIRS,2022,flare upstream,6003,4.271813,8.338197,upstream oil,0.0349652936,BCM 2022,,,
EOG VIIRS,2022,flare upstream,5832,5.666872,6.393645,upstream oil,0.0328900365,BCM 2022,,,
EOG VIIRS,2022,flare upstream,5782,5.860579,5.133139,upstream oil,0.03158470859,BCM 2022,,,
EOG VIIRS,2022,flare upstream,6002,4.353921,8.246035,upstream oil,0.02991188112,BCM 2022,,,
EOG VIIRS,2022,flare upstream,5797,5.687958,5.377169,upstream oil,0.028342757799,BCM 2022,,,
EOG VIIRS,2022,flare upstream,5801,6.065259,5.437665,upstream oil,0.028187216252,BCM 2022,,,
EOG VIIRS,2022,flare upstream,5869,5.503784,6.831957,upstream oil,0.027680730237,BCM 2022,,,
EOG VIIRS,2022,flare upstream,5986,3.954003,7.774854,upstream oil,0.027635086322,BCM 2022,,,
EOG VIIRS,2022,flare upstream,5929,4.526552,6.632568,upstream oil,0.026773487713,BCM 2022,,,
EOG VIIRS,2022,flare upstream,5823,5.882881,6.218069,upstream oil,0.025765358928,BCM 2022,,,
EOG VIIRS,2022,flare upstream,5834,5.823223,6.4421,upstream gas,0.02519015754,BCM 2022,,,
EOG VIIRS,2022,flare upstream,5958,4.653915,7.059545,upstream oil,0.024809860072,BCM 2022,,,
EOG VIIRS,2022,flare upstream,5957,4.551838,7.044755,upstream oil,0.024778863304,BCM 2022,,,
EOG VIIRS,2022,flare upstream,5842,5.803326,6.560938,upstream oil,0.024216489177,BCM 2022,,,
EOG VIIRS,2022,flare upstream,5781,5.600506,5.10888,upstream oil,0.024043864184,BCM 2022,,,
EOG VIIRS,2022,flare upstream,5898,4.80275,5.31196,upstream oil,0.023988709897,BCM 2022,,,
EOG VIIRS,2022,flare upstream,5817,5.548571,6.013272,upstream oil,0.023746312823,BCM 2022,,,
EOG VIIRS,2022,flare upstream,5983,4.03493,7.686359,upstream oil,0.023017037538,BCM 2022,,,
EOG VIIRS,2022,flare upstream,5868,5.61919,6.814769,upstream oil,0.022551880547,BCM 2022,,,
EOG VIIRS,2022,flare upstream,5953,3.854645,6.980449,upstream oil,0.021286296599,BCM 2022,,,
EOG VIIRS,2022,flare upstream,5901,4.937917,5.607662,upstream oil,0.021178541736,BCM 2022,,,
EOG VIIRS,2022,flare upstream,5847,5.237705,6.626948,upstream oil,0.020879610784,BCM 2022,,,
EOG VIIRS,2022,flare upstream,5831,5.733416,6.394774,upstream oil,0.020788029424,BCM 2022,,,
EOG VIIRS,2022,flare upstream,5902,4.879049,5.61578,upstream oil,0.020148838496,BCM 2022,,,
EOG VIIRS,2022,flare upstream,5955,4.556656,7.003235,upstream oil,0.02011326266,BCM 2022,,,
EOG VIIRS,2022,flare upstream,5833,5.715987,6.420968,upstream oil,0.01930341339,BCM 2022,,,
EOG VIIRS,2022,flare upstream,5988,4.105483,7.799619,upstream oil,0.018443135666,BCM 2022,,,
EOG VIIRS,2022,flare upstream,5822,5.459157,6.179899,upstream oil,0.017801479086,BCM 2022,,,
EOG VIIRS,2022,flare upstream,5920,4.433911,6.324931,upstream oil,0.017646788776,BCM 2022,,,
EOG VIIRS,2022,flare upstream,5985,3.955495,7.758063,upstream oil,0.017589932015,BCM 2022,,,
EOG VIIRS,2022,flare upstream,5825,6.04203,6.27642,upstream oil,0.017340431515,BCM 2022,,,
EOG VIIRS,2022,flare upstream,5826,5.018351,6.300176,upstream oil,0.016795551776,BCM 2022,,,
EOG VIIRS,2022,flare upstream,5811,6.038889,5.717553,upstream oil,0.016608954755,BCM 2022,,,
EOG VIIRS,2022,flare upstream,5951,4.933358,6.97633,upstream oil,0.016356430896,BCM 2022,,,
EOG VIIRS,2022,flare upstream,6001,4.582162,8.190729,upstream oil,0.015924354736,BCM 2022,,,
EOG VIIRS,2022,flare upstream,5820,5.489687,6.136005,upstream oil,0.01548312044,BCM 2022,,,
EOG VIIRS,2022,flare upstream,5949,4.5545,6.900777,upstream oil,0.015317628226,BCM 2022,,,
EOG VIIRS,2022,flare upstream,5993,4.60595,8.015832,upstream oil,0.014831924135,BCM 2022,,,
EOG VIIRS,2022,flare upstream,5871,5.143588,6.920381,upstream oil,0.014502319298,BCM 2022,,,
EOG VIIRS,2022,flare upstream,5921,4.441613,6.361526,upstream oil,0.01440234298,BCM 2022,,,
EOG VIIRS,2022,flare upstream,5980,4.106461,7.624938,upstream oil,0.014223495151,BCM 2022,,,
EOG VIIRS,2022,flare upstream,5973,4.843236,7.254752,upstream oil,0.014152783774,BCM 2022,,,
EOG VIIRS,2022,flare upstream,5815,5.538528,5.894775,upstream oil,0.013698399334,BCM 2022,,,
EOG VIIRS,2022,flare upstream,5824,5.327512,6.241653,upstream oil,0.013151406179,BCM 2022,,,
EOG VIIRS,2022,flare upstream,5933,4.54946,6.666005,upstream oil,0.013128980487,BCM 2022,,,
EOG VIIRS,2022,flare upstream,5987,4.242627,7.79432,upstream oil,0.012945054589,BCM 2022,,,
EOG VIIRS,2022,flare upstream,5915,4.661211,6.077455,upstream oil,0.012744426834,BCM 2022,,,
EOG VIIRS,2022,flare upstream,5810,5.862149,5.689893,upstream oil,0.0120758242,BCM 2022,,,
EOG VIIRS,2022,flare upstream,5788,5.33058,5.208866,upstream oil,0.012061059641,BCM 2022,,,
EOG VIIRS,2022,flare upstream,5984,3.978753,7.757564,upstream oil,0.011452425186,BCM 2022,,,
EOG VIIRS,2022,flare upstream,5780,5.538078,5.091717,upstream oil,0.010543920483,BCM 2022,,,
EOG VIIRS,2022,flare upstream,5790,5.673322,5.274804,upstream oil,0.010067550646,BCM 2022,,,
EOG VIIRS,2022,flare upstream,5936,4.559997,6.710044,upstream oil,0.009859408523,BCM 2022,,,
EOG VIIRS,2022,flare upstream,5802,5.599933,5.454672,upstream oil,0.009784851903,BCM 2022,,,
EOG VIIRS,2022,flare upstream,5785,5.536053,5.194943,upstream oil,0.009713729584,BCM 2022,,,
EOG VIIRS,2022,flare upstream,5942,4.530133,6.818913,upstream oil,0.009381482977,BCM 2022,,,
EOG VIIRS,2022,flare upstream,5978,4.014703,7.505582,upstream oil,0.009353274744,BCM 2022,,,
EOG VIIRS,2022,flare upstream,5783,5.436306,5.141077,upstream oil,0.009072836182,BCM 2022,,,
EOG VIIRS,2022,flare upstream,5775,5.77461,4.890495,upstream oil,0.008560714391,BCM 2022,,,
EOG VIIRS,2022,flare upstream,5940,4.625923,6.815011,upstream oil,0.008505472045,BCM 2022,,,
EOG VIIRS,2022,flare upstream,5970,4.98052,7.181484,upstream oil,0.008198733195,BCM 2022,,,
EOG VIIRS,2022,flare upstream,5922,4.884939,6.371853,upstream oil,0.008167707074,BCM 2022,,,
EOG VIIRS,2022,flare upstream,5872,5.009178,7.01906,upstream oil,0.007333788344,BCM 2022,,,
EOG VIIRS,2022,flare upstream,5903,4.78379,5.651325,upstream oil,0.006695654124,BCM 2022,,,
EOG VIIRS,2022,flare upstream,5919,4.452915,6.325221,upstream oil,0.006446828743,BCM 2022,,,
EOG VIIRS,2022,flare upstream,5844,5.42562,6.594448,upstream oil,0.006349435489,BCM 2022,,,
EOG VIIRS,2022,flare upstream,5794,5.36079,5.324945,upstream oil,0.006241504508,BCM 2022,,,
EOG VIIRS,2022,flare upstream,5821,5.356571,6.143912,upstream oil,0.005972836499,BCM 2022,,,
EOG VIIRS,2022,flare upstream,5907,4.912836,5.772861,upstream oil,0.005970224082,BCM 2022,,,
EOG VIIRS,2022,flare upstream,5971,4.468987,7.196403,upstream oil,0.005720840994,BCM 2022,,,
EOG VIIRS,2022,flare upstream,5793,5.41246,5.321568,upstream oil,0.005487279173,BCM 2022,,,
EOG VIIRS,2022,flare upstream,5916,4.800565,6.090042,upstream oil,0.005353840435,BCM 2022,,,
EOG VIIRS,2022,flare upstream,6000,4.100749,8.17203,upstream oil,0.005258854127,BCM 2022,,,
EOG VIIRS,2022,flare upstream,5995,4.128242,8.096009,upstream oil,0.004988894586,BCM 2022,,,
EOG VIIRS,2022,flare upstream,5805,5.535219,5.537615,upstream oil,0.004924993105,BCM 2022,,,
EOG VIIRS,2022,flare upstream,5857,5.661728,6.706231,upstream oil,0.004854340434,BCM 2022,,,
EOG VIIRS,2022,flare upstream,5935,3.055732,6.697256,upstream oil,0.004766252081,BCM 2022,,,
EOG VIIRS,2022,flare upstream,5786,5.816886,5.201087,upstream oil,0.004221577813,BCM 2022,,,
EOG VIIRS,2022,flare upstream,5853,5.545702,6.682486,upstream oil,0.004174172718,BCM 2022,,,
EOG VIIRS,2022,flare upstream,5852,5.534972,6.672092,upstream oil,0.00409562409,BCM 2022,,,
EOG VIIRS,2022,flare upstream,5925,4.539882,6.503426,upstream oil,0.00381324823,BCM 2022,,,
EOG VIIRS,2022,flare upstream,5865,5.192893,6.76186,upstream oil,0.003453292391,BCM 2022,,,
EOG VIIRS,2022,flare upstream,5918,4.451687,6.283266,upstream oil,0.003421884681,BCM 2022,,,
EOG VIIRS,2022,flare upstream,5965,4.982378,7.117588,upstream oil,0.003072173039,BCM 2022,,,
EOG VIIRS,2022,flare upstream,5828,5.68537,6.34049,upstream oil,0.0027973350294,BCM 2022,,,
EOG VIIRS,2022,flare upstream,5908,4.36701,5.791225,upstream oil,0.002607632461,BCM 2022,,,
EOG VIIRS,2022,flare upstream,5778,5.574354,5.05869,upstream oil,0.0026001621225,BCM 2022,,,
EOG VIIRS,2022,flare upstream,5838,5.676159,6.514621,upstream oil,0.0025835600657,BCM 2022,,,
EOG VIIRS,2022,flare upstream,5850,5.247702,6.660344,upstream oil,0.0025821922159,BCM 2022,,,
EOG VIIRS,2022,flare upstream,6010,4.576948,8.422527,upstream oil,0.0025130688362,BCM 2022,,,
EOG VIIRS,2022,flare upstream,5962,4.65579,7.076546,upstream oil,0.0017993565118,BCM 2022,,,
EOG VIIRS,2022,flare upstream,5981,4.314121,7.640089,upstream oil,0.001746679618,BCM 2022,,,
EOG VIIRS,2022,flare upstream,5928,4.649575,6.631361,upstream oil,0.001725574811,BCM 2022,,,
EOG VIIRS,2022,flare upstream,5904,4.999914,5.685559,upstream oil,0.0015864210439,BCM 2022,,,
EOG VIIRS,2022,flare upstream,5899,4.993387,5.554859,upstream oil,0.001541208618,BCM 2022,,,
EOG VIIRS,2022,flare upstream,5841,5.113631,6.556743,upstream oil,0.0013236030878,BCM 2022,,,
EOG VIIRS,2022,flare upstream,5789,5.431391,5.267819,upstream oil,0.0012949780422,BCM 2022,,,
EOG VIIRS,2022,flare upstream,5952,4.559608,6.97497,upstream oil,0.0012800520417,BCM 2022,,,
EOG VIIRS,2022,flare upstream,5867,5.008952,6.811558,upstream oil,0.0011738411465,BCM 2022,,,
EOG VIIRS,2022,flare upstream,5804,5.748859,5.539542,upstream oil,0.000993393579,BCM 2022,,,
EOG VIIRS,2022,flare upstream,5905,4.852301,5.69022,upstream oil,0.0007926308002,BCM 2022,,,
EOG VIIRS,2022,flare upstream,5991,4.365795,7.997011,upstream oil,0.0007646104264,BCM 2022,,,
EOG VIIRS,2022,flare upstream,5960,4.648192,7.072414,upstream oil,0.0007386946627,BCM 2022,,,
EOG VIIRS,2022,flare upstream,5773,5.729667,4.831269,upstream oil,0.00035429071,BCM 2022,,,
EOG VIIRS,2022,flare upstream,5836,5.197765,6.490112,upstream oil,0.0003380232774,BCM 2022,,,
EOG VIIRS,2022,flare upstream,5776,5.759711,4.919564,upstream oil,0.00029194816683,BCM 2022,,,
EOG VIIRS,2022,flare upstream,5972,4.866483,7.24649,upstream oil,0.00027183578476,BCM 2022,,,
EOG VIIRS,2022,flare upstream,5999,4.277501,8.168692,upstream oil,0.00015876509346,BCM 2022,,,
EOG VIIRS,2022,flare upstream,5769,6.163128,2.931611,upstream oil,0.0,BCM 2022,,,
EOG VIIRS,2022,flare upstream,5791,5.376131,5.308208,upstream oil,0.0,BCM 2022,,,
EOG VIIRS,2022,flare upstream,5800,5.783965,5.428264,upstream oil,0.0,BCM 2022,,,
EOG VIIRS,2022,flare upstream,5809,5.00754,5.685014,upstream oil,0.0,BCM 2022,,,
EOG VIIRS,2022,flare upstream,5818,6.127619,6.014891,upstream oil,0.0,BCM 2022,,,
EOG VIIRS,2022,flare upstream,5830,5.026354,6.357215,upstream oil,0.0,BCM 2022,,,
EOG VIIRS,2022,flare upstream,5926,4.420288,6.516976,upstream oil,0.0,BCM 2022,,,
EOG VIIRS,2022,flare oil downstream,5870,5.354477,6.841062,refinery,0.008942596921,BCM 2022,,,
EOG VIIRS,2022,flare oil downstream,5964,4.84011,7.103639,refinery,0.005763960551,BCM 2022,,,
EOG VIIRS,2022,flare gas downstream,5969,4.423652,7.15544,lng,0.07720073824,BCM 2022,,,
EOG VIIRS,2022,flare gas downstream,5787,5.614466,5.201792,gpp,0.07238684624,BCM 2022,,,
EOG VIIRS,2023,flare upstream,5910,5.358898,4.342184,upstream oil,0.11451104301,BCM 2023,5771.0,5910,
EOG VIIRS,2023,flare upstream,5911,5.708536,4.481537,upstream oil,0.17588141482,BCM 2023,5772.0,5911,
EOG VIIRS,2023,flare upstream,5912,5.386508,4.590035,upstream oil,0.023001245624,BCM 2023,nan,5912,
EOG VIIRS,2023,flare upstream,5913,5.973903,4.844773,upstream oil,0.0006781012648,BCM 2023,nan,5913,
EOG VIIRS,2023,flare upstream,5914,5.913884,4.88022,upstream oil,0.026146536986,BCM 2023,5774.0,5914,
EOG VIIRS,2023,flare upstream,5915,5.774519,4.890507,upstream oil,0.04833059509,BCM 2023,5775.0,5915,
EOG VIIRS,2023,flare upstream,5916,5.951114,5.050883,upstream oil,0.10405227558,BCM 2023,5777.0,5916,
EOG VIIRS,2023,flare upstream,5917,5.575192,5.058645,upstream oil,0.0009521261963,BCM 2023,5778.0,5917,
EOG VIIRS,2023,flare upstream,5918,5.559502,5.072844,upstream oil,0.10479960296,BCM 2023,5779.0,5918,
EOG VIIRS,2023,flare upstream,5919,5.537827,5.0919740000000004,upstream oil,0.010671517974,BCM 2023,5780.0,5919,
EOG VIIRS,2023,flare upstream,5920,5.600418,5.109155,upstream oil,0.016039829438,BCM 2023,5781.0,5920,
EOG VIIRS,2023,flare upstream,5921,5.860281,5.133217,upstream oil,0.016352233417,BCM 2023,5782.0,5921,
EOG VIIRS,2023,flare upstream,5922,5.436234,5.141791,upstream oil,0.05987160763,BCM 2023,5783.0,5922,
EOG VIIRS,2023,flare upstream,5923,5.655083,5.14747,upstream oil,0.0028504757006,BCM 2023,nan,5923,
EOG VIIRS,2023,flare upstream,5925,5.536043,5.195147,upstream oil,0.023341652365,BCM 2023,5785.0,5925,
EOG VIIRS,2023,flare upstream,5926,5.8167,5.201506,upstream oil,0.006528664907,BCM 2023,5786.0,5926,
EOG VIIRS,2023,flare upstream,5928,5.33067,5.209166,upstream oil,0.008030922094,BCM 2023,5788.0,5928,
EOG VIIRS,2023,flare upstream,5929,5.43118,5.268165,upstream oil,0.0008512340647,BCM 2023,5789.0,5929,
EOG VIIRS,2023,flare upstream,5930,5.673282,5.274899,upstream oil,0.013807475082,BCM 2023,5790.0,5930,
EOG VIIRS,2023,flare upstream,5932,5.924107,5.316413,upstream oil,0.06540347401,BCM 2023,5792.0,5932,
EOG VIIRS,2023,flare upstream,5933,5.412593,5.321894,upstream oil,0.007074718766,BCM 2023,5793.0,5933,
EOG VIIRS,2023,flare upstream,5934,5.360781,5.324971,upstream oil,0.005375473596,BCM 2023,5794.0,5934,
EOG VIIRS,2023,flare upstream,5935,6.153428,5.343086,upstream oil,0.03711833615,BCM 2023,5795.0,5935,
EOG VIIRS,2023,flare upstream,5936,5.687905,5.377378,upstream oil,0.03486519987,BCM 2023,5797.0,5936,
EOG VIIRS,2023,flare upstream,5937,5.783858,5.428554,upstream oil,0.03572465571,BCM 2023,5800.0,5937,
EOG VIIRS,2023,flare upstream,5938,6.065229,5.437807,upstream oil,0.05019509765,BCM 2023,5801.0,5938,
EOG VIIRS,2023,flare upstream,5939,5.599908,5.455072,upstream oil,0.015695870984,BCM 2023,5802.0,5939,
EOG VIIRS,2023,flare upstream,5940,5.524268,5.468135,upstream oil,0.05333909748,BCM 2023,5803.0,5940,
EOG VIIRS,2023,flare upstream,5941,5.534768,5.537946,upstream oil,0.007443950153,BCM 2023,5805.0,5941,
EOG VIIRS,2023,flare upstream,5943,5.900668,5.583204,upstream oil,0.13044091611,BCM 2023,5807.0,5943,
EOG VIIRS,2023,flare upstream,5944,6.062322,5.586799,upstream oil,0.10879542685,BCM 2023,5808.0,5944,
EOG VIIRS,2023,flare upstream,5945,5.005583,5.686087,upstream oil,0.0003057819422,BCM 2023,nan,5945,
EOG VIIRS,2023,flare upstream,5946,5.862173,5.690368,upstream oil,0.023285382664,BCM 2023,5810.0,5946,
EOG VIIRS,2023,flare upstream,5947,6.03915,5.717252,upstream oil,0.013225639916,BCM 2023,5811.0,5947,
EOG VIIRS,2023,flare upstream,5948,6.013546,5.865763,upstream gas,0.09745959178,BCM 2023,5812.0,5948,
EOG VIIRS,2023,flare upstream,5949,5.447661,5.880271,upstream gas,0.05835846048,BCM 2023,5813.0,5949,
EOG VIIRS,2023,flare upstream,5950,5.434027,5.884532,upstream gas,0.09476381226,BCM 2023,5814.0,5950,
EOG VIIRS,2023,flare upstream,5951,5.538528,5.894904,upstream oil,0.017063368548,BCM 2023,5815.0,5951,
EOG VIIRS,2023,flare upstream,5952,5.51595,5.937901,upstream oil,0.07299973688,BCM 2023,5816.0,5952,
EOG VIIRS,2023,flare upstream,5953,5.548489,6.013588,upstream oil,0.0259216343,BCM 2023,5817.0,5953,
EOG VIIRS,2023,flare upstream,5954,5.521948,6.058814,upstream oil,0.03220992749,BCM 2023,5819.0,5954,
EOG VIIRS,2023,flare upstream,5955,5.651697,6.069818,upstream oil,0.005153476857,BCM 2023,nan,5955,
EOG VIIRS,2023,flare upstream,5956,5.489705,6.135853,upstream oil,0.020779605113,BCM 2023,5820.0,5956,
EOG VIIRS,2023,flare upstream,5957,5.35626,6.144249,upstream oil,0.005892291867,BCM 2023,5821.0,5957,
EOG VIIRS,2023,flare upstream,5958,5.45916,6.179995,upstream oil,0.019222487169,BCM 2023,5822.0,5958,
EOG VIIRS,2023,flare upstream,5959,5.882697,6.218374,upstream oil,0.023573453006,BCM 2023,5823.0,5959,
EOG VIIRS,2023,flare upstream,5960,5.32713,6.241829,upstream oil,0.023566114756,BCM 2023,5824.0,5960,
EOG VIIRS,2023,flare upstream,5961,6.042006,6.276602,upstream oil,0.019534186676,BCM 2023,5825.0,5961,
EOG VIIRS,2023,flare upstream,5962,5.018309,6.300313,upstream oil,0.03032487783,BCM 2023,5826.0,5962,
EOG VIIRS,2023,flare upstream,5963,5.568409,6.305209,upstream oil,0.05306640811,BCM 2023,5827.0,5963,
EOG VIIRS,2023,flare upstream,5964,5.685008,6.359505,upstream oil,0.08494993024,BCM 2023,5829.0,5964,
EOG VIIRS,2023,flare upstream,5965,5.679562,6.378578,upstream oil,0.0020277140459,BCM 2023,nan,5965,
EOG VIIRS,2023,flare upstream,5966,5.712151,6.382759,upstream oil,0.01540005145,BCM 2023,nan,5966,
EOG VIIRS,2023,flare upstream,5967,5.666898,6.393953,upstream oil,0.03869694049,BCM 2023,5832.0,5967,
EOG VIIRS,2023,flare upstream,5968,5.733289,6.394834,upstream oil,0.018543552279,BCM 2023,5831.0,5968,
EOG VIIRS,2023,flare upstream,5969,5.715824,6.421277,upstream oil,0.02538065851,BCM 2023,5833.0,5969,
EOG VIIRS,2023,flare upstream,5970,5.823167,6.442149,upstream gas,0.03187031328,BCM 2023,5834.0,5970,
EOG VIIRS,2023,flare upstream,5971,5.718239,6.487341,upstream oil,0.04716469393,BCM 2023,5835.0,5971,
EOG VIIRS,2023,flare upstream,5972,5.099698,6.50695,upstream oil,0.03291762832,BCM 2023,5837.0,5972,
EOG VIIRS,2023,flare upstream,5973,5.659657,6.516614,upstream oil,0.1256543224,BCM 2023,5839.0,5973,
EOG VIIRS,2023,flare upstream,5976,5.803244,6.561188,upstream oil,0.012391310244,BCM 2023,5842.0,5976,
EOG VIIRS,2023,flare upstream,5978,5.687054,6.590768,upstream oil,0.04542934457,BCM 2023,5843.0,5978,
EOG VIIRS,2023,flare upstream,5979,5.425029,6.592081,upstream oil,0.0,BCM 2023,5844.0,5979,
EOG VIIRS,2023,flare upstream,5981,5.250582,6.600014,upstream oil,0.08152707691,BCM 2023,5846.0,5981,
EOG VIIRS,2023,flare upstream,5982,5.237491,6.627402,upstream oil,0.024186783941,BCM 2023,5847.0,5982,
EOG VIIRS,2023,flare upstream,5984,5.386319,6.657344,upstream gas,0.13322269992,BCM 2023,5849.0,5984,
EOG VIIRS,2023,flare upstream,5985,5.247509,6.660768,upstream oil,0.003504102434,BCM 2023,5850.0,5985,
EOG VIIRS,2023,flare upstream,5986,5.541342,6.667515,upstream oil,0.0015143418171,BCM 2023,nan,5986,
EOG VIIRS,2023,flare upstream,5987,5.634705,6.669688,upstream oil,0.0652575896,BCM 2023,5851.0,5987,
EOG VIIRS,2023,flare upstream,5988,5.533665,6.675205,upstream oil,0.011255495909,BCM 2023,5852.0,5988,
EOG VIIRS,2023,flare upstream,5989,5.54635,6.683414,upstream oil,0.000445901423,BCM 2023,5853.0,5989,
EOG VIIRS,2023,flare upstream,5990,5.459174,6.695155,upstream oil,0.06331970454,BCM 2023,5855.0,5990,
EOG VIIRS,2023,flare upstream,5991,5.661586,6.706568,upstream oil,0.0,BCM 2023,5857.0,5991,
EOG VIIRS,2023,flare upstream,5995,5.193137,6.761811,upstream oil,0.0,BCM 2023,5865.0,5995,
EOG VIIRS,2023,flare upstream,5996,5.007497,6.811534,upstream oil,0.0,BCM 2023,5867.0,5996,
EOG VIIRS,2023,flare upstream,5997,5.619228,6.814773,upstream oil,0.008552701022,BCM 2023,5868.0,5997,
EOG VIIRS,2023,flare upstream,5998,5.50379,6.83201,upstream oil,0.0759479522,BCM 2023,5869.0,5998,
EOG VIIRS,2023,flare upstream,5999,5.304252,6.838937,upstream oil,0.002676817482,BCM 2023,nan,5999,
EOG VIIRS,2023,flare upstream,6002,5.143609,6.92044,upstream oil,0.009348431499,BCM 2023,5871.0,6002,
EOG VIIRS,2023,flare upstream,6003,5.00812,7.019253,upstream oil,0.011965515626,BCM 2023,5872.0,6003,
EOG VIIRS,2023,flare upstream,6028,4.554708,4.615939,upstream oil,0.006829679922,BCM 2023,5897.0,6028,
EOG VIIRS,2023,flare upstream,6029,4.80274,5.312097,upstream oil,0.04211480381,BCM 2023,5898.0,6029,
EOG VIIRS,2023,flare upstream,6030,4.992745,5.555211,upstream oil,0.01362125965,BCM 2023,5899.0,6030,
EOG VIIRS,2023,flare upstream,6031,3.465488,5.561498,upstream oil,0.07549503541,BCM 2023,5900.0,6031,
EOG VIIRS,2023,flare upstream,6032,4.937878,5.60743,upstream oil,0.0368732386,BCM 2023,5901.0,6032,
EOG VIIRS,2023,flare upstream,6033,4.878871,5.615932,upstream oil,0.01055680645,BCM 2023,5902.0,6033,
EOG VIIRS,2023,flare upstream,6034,4.78362,5.651498,upstream oil,0.016685947674,BCM 2023,5903.0,6034,
EOG VIIRS,2023,flare upstream,6035,4.99815,5.686305,upstream oil,0.0014963161398,BCM 2023,5904.0,6035,
EOG VIIRS,2023,flare upstream,6036,4.507444,5.740225,upstream oil,0.008717224587,BCM 2023,5906.0,6036,
EOG VIIRS,2023,flare upstream,6037,4.912793,5.7733,upstream oil,0.008261900851,BCM 2023,5907.0,6037,
EOG VIIRS,2023,flare upstream,6038,4.367052,5.791066,upstream oil,0.00013682636773,BCM 2023,5908.0,6038,
EOG VIIRS,2023,flare upstream,6039,4.326705,5.821855,upstream oil,0.03018633167,BCM 2023,5909.0,6039,
EOG VIIRS,2023,flare upstream,6040,3.935901,5.870885,upstream oil,0.10515448073,BCM 2023,5910.0,6040,
EOG VIIRS,2023,flare upstream,6041,4.555977,5.921273,upstream oil,0.024661862246,BCM 2023,5911.0,6041,
EOG VIIRS,2023,flare upstream,6042,4.338384,5.925756,upstream oil,0.03789912595,BCM 2023,5912.0,6042,
EOG VIIRS,2023,flare upstream,6043,4.813757,5.962058,upstream oil,0.04146316721,BCM 2023,5913.0,6043,
EOG VIIRS,2023,flare upstream,6045,4.660939,6.077412,upstream oil,0.0005795603085,BCM 2023,5915.0,6045,
EOG VIIRS,2023,flare upstream,6046,4.800523,6.089992,upstream oil,0.000805827909,BCM 2023,5916.0,6046,
EOG VIIRS,2023,flare upstream,6047,4.628884,6.263863,upstream oil,0.04082796829,BCM 2023,5917.0,6047,
EOG VIIRS,2023,flare upstream,6048,4.451709,6.283525,upstream oil,0.003988133404,BCM 2023,5918.0,6048,
EOG VIIRS,2023,flare upstream,6049,4.452695,6.325412,upstream oil,0.010778539012,BCM 2023,5919.0,6049,
EOG VIIRS,2023,flare upstream,6050,4.433532,6.324864,upstream oil,0.013794354291,BCM 2023,5920.0,6050,
EOG VIIRS,2023,flare upstream,6051,4.441572,6.361621,upstream oil,0.012877513336,BCM 2023,5921.0,6051,
EOG VIIRS,2023,flare upstream,6052,4.883997,6.372169,upstream oil,0.0,BCM 2023,5922.0,6052,
EOG VIIRS,2023,flare upstream,6053,3.940371,6.397509,upstream oil,0.06329827685,BCM 2023,5923.0,6053,
EOG VIIRS,2023,flare upstream,6054,4.539758,6.503617,upstream oil,0.003290559359,BCM 2023,5925.0,6054,
EOG VIIRS,2023,flare upstream,6055,4.655617,6.615102,upstream oil,0.05208161496,BCM 2023,5927.0,6055,
EOG VIIRS,2023,flare upstream,6056,4.526544,6.632495,upstream oil,0.0,BCM 2023,5929.0,6056,
EOG VIIRS,2023,flare upstream,6057,4.929127,6.654539,upstream oil,0.003080245114,BCM 2023,5932.0,6057,
EOG VIIRS,2023,flare upstream,6058,4.549419,6.665917,upstream oil,0.023952400236,BCM 2023,5933.0,6058,
EOG VIIRS,2023,flare upstream,6059,4.559942,6.71025,upstream oil,0.023675014386,BCM 2023,5936.0,6059,
EOG VIIRS,2023,flare upstream,6060,4.900867,6.715739,upstream oil,0.0014627862079,BCM 2023,nan,6060,
EOG VIIRS,2023,flare upstream,6064,4.625858,6.815294,upstream oil,0.0,BCM 2023,5940.0,6064,
EOG VIIRS,2023,flare upstream,6065,4.530219,6.81919,upstream oil,0.0,BCM 2023,5942.0,6065,
EOG VIIRS,2023,flare upstream,6066,3.142092,6.823315,upstream gas,0.07514191882,BCM 2023,5943.0,6066,
EOG VIIRS,2023,flare upstream,6067,4.554452,6.900648,upstream oil,0.00010350630978,BCM 2023,5949.0,6067,
EOG VIIRS,2023,flare upstream,6068,4.528608,6.958835,upstream oil,0.0,BCM 2023,5950.0,6068,
EOG VIIRS,2023,flare upstream,6069,4.562055,6.967275,upstream oil,0.0017425613921,BCM 2023,5952.0,6069,
EOG VIIRS,2023,flare upstream,6070,4.933396,6.976381,upstream oil,0.021320052549,BCM 2023,5951.0,6070,
EOG VIIRS,2023,flare upstream,6071,3.854582,6.980663,upstream oil,0.05337050519,BCM 2023,5953.0,6071,
EOG VIIRS,2023,flare upstream,6072,4.556566,7.003637,upstream oil,0.01515055095,BCM 2023,5955.0,6072,
EOG VIIRS,2023,flare upstream,6073,4.930162,7.016104,upstream oil,0.03123540789,BCM 2023,5956.0,6073,
EOG VIIRS,2023,flare upstream,6075,4.55154,7.04505,upstream oil,0.005980585691,BCM 2023,5957.0,6075,
EOG VIIRS,2023,flare upstream,6076,4.653911,7.059694,upstream oil,0.012077849557,BCM 2023,5958.0,6076,
EOG VIIRS,2023,flare upstream,6078,4.653567,7.078486,upstream oil,0.0003013936687,BCM 2023,5962.0,6078,
EOG VIIRS,2023,flare upstream,6080,4.982158,7.117882,upstream oil,0.013274688779,BCM 2023,5965.0,6080,
EOG VIIRS,2023,flare upstream,6081,4.892484,7.12021,upstream oil,0.08530744978,BCM 2023,5967.0,6081,
EOG VIIRS,2023,flare upstream,6084,4.980562,7.181949,upstream oil,0.026417347764,BCM 2023,5970.0,6084,
EOG VIIRS,2023,flare upstream,6085,4.468794,7.19664,upstream oil,0.008281127066,BCM 2023,5971.0,6085,
EOG VIIRS,2023,flare upstream,6086,4.865932,7.247816,upstream oil,0.009973679752,BCM 2023,5972.0,6086,
EOG VIIRS,2023,flare upstream,6087,4.84229,7.254771,upstream oil,0.04693574053,BCM 2023,5973.0,6087,
EOG VIIRS,2023,flare upstream,6088,4.935473,7.28347,upstream oil,0.022974710512,BCM 2023,nan,6088,
EOG VIIRS,2023,flare upstream,6089,3.989583,7.290281,upstream oil,0.0807823913,BCM 2023,5974.0,6089,
EOG VIIRS,2023,flare upstream,6090,3.575617,7.394168,upstream oil,0.19327512203,BCM 2023,5975.0,6090,
EOG VIIRS,2023,flare upstream,6092,4.459638,7.468476,upstream oil,0.10657399181,BCM 2023,5976.0,6092,
EOG VIIRS,2023,flare upstream,6093,4.016961,7.492235,upstream oil,0.27396182255,BCM 2023,5977.0,6093,
EOG VIIRS,2023,flare upstream,6094,4.013044,7.507747,upstream oil,0.009334254,BCM 2023,5978.0,6094,
EOG VIIRS,2023,flare upstream,6095,4.135627,7.516059,upstream oil,0.05671704072,BCM 2023,5979.0,6095,
EOG VIIRS,2023,flare upstream,6096,4.106433,7.624984,upstream oil,0.014025978814,BCM 2023,5980.0,6096,
EOG VIIRS,2023,flare upstream,6097,4.312214,7.642297,upstream oil,0.0027862484013,BCM 2023,5981.0,6097,
EOG VIIRS,2023,flare upstream,6098,4.304656,7.659972,upstream gas,0.21173052725,BCM 2023,5982.0,6098,
EOG VIIRS,2023,flare upstream,6099,4.034935,7.68653,upstream oil,0.012294093108,BCM 2023,5983.0,6099,
EOG VIIRS,2023,flare upstream,6100,4.516117,7.758633,upstream oil,0.012755786445,BCM 2023,nan,6100,
EOG VIIRS,2023,flare upstream,6101,3.978686,7.757851,upstream oil,0.015363037317,BCM 2023,5984.0,6101,
EOG VIIRS,2023,flare upstream,6102,3.955428,7.758474,upstream oil,0.009499687508,BCM 2023,5985.0,6102,
EOG VIIRS,2023,flare upstream,6103,3.953956,7.775159,upstream oil,0.011099660832,BCM 2023,5986.0,6103,
EOG VIIRS,2023,flare upstream,6104,4.242586,7.79453,upstream oil,0.009186960646,BCM 2023,5987.0,6104,
EOG VIIRS,2023,flare upstream,6105,4.105416,7.799997,upstream oil,0.028613950166,BCM 2023,5988.0,6105,
EOG VIIRS,2023,flare upstream,6106,4.403707,7.828674,upstream oil,0.03992360236,BCM 2023,5989.0,6106,
EOG VIIRS,2023,flare upstream,6107,4.146253,7.972354,upstream oil,0.14780967327,BCM 2023,5990.0,6107,
EOG VIIRS,2023,flare upstream,6108,4.365105,7.998084,upstream oil,0.004792845899,BCM 2023,5991.0,6108,
EOG VIIRS,2023,flare upstream,6109,4.605996,8.015763,upstream oil,0.0087090351,BCM 2023,5993.0,6109,
EOG VIIRS,2023,flare upstream,6110,4.553198,8.009776,upstream oil,0.10144044564,BCM 2023,5992.0,6110,
EOG VIIRS,2023,flare upstream,6112,4.128097,8.096365,upstream oil,0.010520379377,BCM 2023,5995.0,6112,
EOG VIIRS,2023,flare upstream,6115,4.290275,8.166972,upstream oil,0.07363376168,BCM 2023,5998.0,6115,
EOG VIIRS,2023,flare upstream,6116,4.274167,8.166705,upstream oil,0.010449932177,BCM 2023,5999.0,6116,
EOG VIIRS,2023,flare upstream,6117,4.100746,8.172209,upstream oil,0.007206132147,BCM 2023,6000.0,6117,
EOG VIIRS,2023,flare upstream,6118,4.581767,8.1909,upstream oil,0.011256141675,BCM 2023,6001.0,6118,
EOG VIIRS,2023,flare upstream,6119,4.353982,8.246136,upstream oil,0.04150484847,BCM 2023,6002.0,6119,
EOG VIIRS,2023,flare upstream,6120,4.271858,8.337947,upstream oil,0.03730619535,BCM 2023,6003.0,6120,
EOG VIIRS,2023,flare upstream,6121,4.317188,8.366265,upstream oil,0.05024499775,BCM 2023,6004.0,6121,
EOG VIIRS,2023,flare upstream,6127,4.576817,8.422872,upstream oil,0.0004893497336,BCM 2023,6010.0,6127,
EOG VIIRS,2023,flare oil downstream,6000,5.354269,6.841526,refinery,0.005831736628,BCM 2023,5870.0,6000,
EOG VIIRS,2023,flare oil downstream,6079,4.839926,7.104587,refinery,0.014314548157,BCM 2023,5964.0,6079,
EOG VIIRS,2023,flare gas downstream,5927,5.614469,5.201865,gpp,0.06030603203,BCM 2023,5787.0,5927,
EOG VIIRS,2023,flare gas downstream,6061,4.959227,6.774207,lng,0.004264345134,BCM 2023,5937.0,6061,
EOG VIIRS,2023,flare gas downstream,6082,4.414432,7.141316,lng,0.03316507411,BCM 2023,5968.0,6082,
EOG VIIRS,2023,flare gas downstream,6083,4.423558,7.155188,lng,0.09774607706,BCM 2023,5969.0,6083,
EOG VIIRS,2024,flare upstream,7002,5.360041,4.342049,upstream,0.07367720412,BCM 2024,,5910.0,2560.0
EOG VIIRS,2024,flare upstream,7003,5.709685,4.481132,upstream,0.14479277193,BCM 2024,,5911.0,2530.0
EOG VIIRS,2024,flare upstream,7004,5.387857,4.589634,upstream,0.05670471246,BCM 2024,,5912.0,2596.0
EOG VIIRS,2024,flare upstream,7005,5.975339,4.842255,upstream,0.0007419234927,BCM 2024,,5913.0,2407.0
EOG VIIRS,2024,flare upstream,7006,5.91487,4.879574,upstream,0.016558379536,BCM 2024,,5914.0,2602.0
EOG VIIRS,2024,flare upstream,7007,5.775406,4.889978,upstream,0.09893692827,BCM 2024,,5915.0,2491.0
EOG VIIRS,2024,flare upstream,7008,5.952297,5.050406,upstream,0.1467620647,BCM 2024,,5916.0,2543.0
EOG VIIRS,2024,flare upstream,7009,5.560813,5.07235,upstream,0.22399685242,BCM 2024,,5918.0,2517.0
EOG VIIRS,2024,flare upstream,7010,5.539364,5.090218,upstream,0.0015986054742,BCM 2024,,5919.0,2355.0
EOG VIIRS,2024,flare upstream,7011,5.601338,5.10891,upstream,0.009413712571,BCM 2024,,5920.0,2421.0
EOG VIIRS,2024,flare upstream,7012,5.861386,5.133209,upstream,0.021158170754,BCM 2024,,5921.0,2429.0
EOG VIIRS,2024,flare upstream,7013,5.437318,5.141242,upstream,0.12854970232,BCM 2024,,5922.0,2482.0
EOG VIIRS,2024,flare upstream,7014,5.65696,5.147027,upstream,0.0006687816873,BCM 2024,,5923.0,2451.0
EOG VIIRS,2024,flare upstream,7015,5.537286,5.194547,upstream,0.015111893049,BCM 2024,,5925.0,2470.0
EOG VIIRS,2024,flare upstream,7016,5.818154,5.200811,upstream,0.0023853979627,BCM 2024,,5926.0,2531.0
EOG VIIRS,2024,flare upstream,7018,5.33199,5.2087,upstream,0.0024760194796,BCM 2024,,5928.0,2385.0
EOG VIIRS,2024,flare upstream,7019,5.833952,5.257819,upstream,0.016289271232,BCM 2024,,nan,nan
EOG VIIRS,2024,flare upstream,7020,5.432616,5.267597,upstream,0.0014875572046,BCM 2024,,5929.0,2331.0
EOG VIIRS,2024,flare upstream,7021,5.674203,5.275013,upstream,0.005177957259,BCM 2024,,5930.0,2409.0
EOG VIIRS,2024,flare upstream,7022,5.823771,5.295767,upstream,0.006073693407,BCM 2024,,5931.0,nan
EOG VIIRS,2024,flare upstream,7023,5.925177,5.315673,upstream,0.07043017526,BCM 2024,,5932.0,2576.0
EOG VIIRS,2024,flare upstream,7024,5.415026,5.32193,upstream,0.011781736493,BCM 2024,,5933.0,2329.0
EOG VIIRS,2024,flare upstream,7025,5.361485,5.32459,upstream,0.004794196137,BCM 2024,,5934.0,2294.0
EOG VIIRS,2024,flare upstream,7026,5.710598,5.335803,upstream,0.004702233188,BCM 2024,,nan,2298.0
EOG VIIRS,2024,flare upstream,7027,6.154423,5.342458,upstream,0.024995165561,BCM 2024,,5935.0,2455.0
EOG VIIRS,2024,flare upstream,7028,5.606953,5.34391,upstream,0.0019372187469,BCM 2024,,nan,nan
EOG VIIRS,2024,flare upstream,7029,5.689025,5.37674,upstream,0.02952500858,BCM 2024,,5936.0,2498.0
EOG VIIRS,2024,flare upstream,7030,5.89099,5.413575,upstream,0.008109822958,BCM 2024,,nan,nan
EOG VIIRS,2024,flare upstream,7031,5.78501,5.42831,upstream,0.027956149436,BCM 2024,,5937.0,2502.0
EOG VIIRS,2024,flare upstream,7032,6.066301,5.437161,upstream,0.07074131706,BCM 2024,,5938.0,2545.0
EOG VIIRS,2024,flare upstream,7033,5.601007,5.454469,upstream,0.016060963598,BCM 2024,,5939.0,2397.0
EOG VIIRS,2024,flare upstream,7034,5.525447,5.467956,upstream,0.08159077292,BCM 2024,,5940.0,2566.0
EOG VIIRS,2024,flare upstream,7036,5.536101,5.537274,upstream,0.01199627757,BCM 2024,,5941.0,2358.0
EOG VIIRS,2024,flare upstream,7037,6.063436,5.586368,upstream,0.13326966472,BCM 2024,,5944.0,2585.0
EOG VIIRS,2024,flare upstream,7038,5.901582,5.582832,upstream,0.11335424128,BCM 2024,,5943.0,2513.0
EOG VIIRS,2024,flare upstream,7039,5.007277,5.685035,upstream,0.0021512490817,BCM 2024,,5945.0,2475.0
EOG VIIRS,2024,flare upstream,7040,5.862669,5.689611,upstream,0.018387981379,BCM 2024,,5946.0,2317.0
EOG VIIRS,2024,flare upstream,7042,6.041731,5.716338,upstream,0.008906668849,BCM 2024,,5947.0,2374.0
EOG VIIRS,2024,flare upstream,7043,6.018611,5.844719,upstream,0.0009645072917,BCM 2024,,5948.0,2564.0
EOG VIIRS,2024,flare upstream,7044,6.01454,5.865479,upstream,0.1105081744,BCM 2024,,5948.0,2564.0
EOG VIIRS,2024,flare upstream,7045,5.44905,5.879834,upstream,0.023903879727,BCM 2024,,5949.0,2357.0
EOG VIIRS,2024,flare upstream,7046,5.435457,5.884007,upstream,0.06945301389,BCM 2024,,5950.0,2427.0
EOG VIIRS,2024,flare upstream,7047,5.539758,5.894197,upstream,0.028201863399,BCM 2024,,5951.0,2383.0
EOG VIIRS,2024,flare upstream,7050,5.517251,5.937709,upstream,0.10547149313,BCM 2024,,5952.0,2511.0
EOG VIIRS,2024,flare upstream,7051,5.549719,6.012781,upstream,0.022702520143,BCM 2024,,5953.0,2375.0
EOG VIIRS,2024,flare upstream,7052,5.523044,6.058635,upstream,0.015360747783,BCM 2024,,5954.0,2444.0
EOG VIIRS,2024,flare upstream,7053,5.653021,6.069066,upstream,0.007608708542,BCM 2024,,5955.0,2559.0
EOG VIIRS,2024,flare upstream,7054,5.490514,6.135783,upstream,0.022063094391,BCM 2024,,5956.0,2371.0
EOG VIIRS,2024,flare upstream,7055,5.357297,6.143623,upstream,0.012146153988,BCM 2024,,5957.0,2370.0
EOG VIIRS,2024,flare upstream,7056,5.460313,6.179453,upstream,0.01485614036,BCM 2024,,5958.0,2440.0
EOG VIIRS,2024,flare upstream,7057,5.883558,6.218035,upstream,0.021995230255,BCM 2024,,5959.0,2306.0
EOG VIIRS,2024,flare upstream,7058,5.489092,6.244108,upstream,0.007560921858,BCM 2024,,nan,2398.0
EOG VIIRS,2024,flare upstream,7059,5.328418,6.241656,upstream,0.017689438685,BCM 2024,,5960.0,2447.0
EOG VIIRS,2024,flare upstream,7060,6.043122,6.275989,upstream,0.008642579908,BCM 2024,,5961.0,2548.0
EOG VIIRS,2024,flare upstream,7061,5.019508,6.300023,upstream,0.03330009791,BCM 2024,,5962.0,2501.0
EOG VIIRS,2024,flare upstream,7062,5.569606,6.30475,upstream,0.03776057979,BCM 2024,,5963.0,2515.0
EOG VIIRS,2024,flare upstream,7064,5.693201,6.340242,upstream,0.0006757588954,BCM 2024,,5964.0,2539.0
EOG VIIRS,2024,flare upstream,7065,5.027072,6.358558,upstream,0.003439349716,BCM 2024,,nan,2372.0
EOG VIIRS,2024,flare upstream,7066,5.68606,6.359203,upstream,0.08553552259,BCM 2024,,5964.0,2539.0
EOG VIIRS,2024,flare upstream,7067,5.713903,6.380821,upstream,0.016041854795,BCM 2024,,5966.0,2522.0
EOG VIIRS,2024,flare upstream,7068,5.668625,6.392866,upstream,0.02811195516,BCM 2024,,5967.0,2438.0
EOG VIIRS,2024,flare upstream,7069,5.73444,6.394389,upstream,0.04005891969,BCM 2024,,5968.0,2522.0
EOG VIIRS,2024,flare upstream,7070,5.71699,6.420729,upstream,0.02997322889,BCM 2024,,5969.0,2505.0
EOG VIIRS,2024,flare upstream,7071,5.824315,6.441476,upstream,0.008811447717,BCM 2024,,5970.0,2544.0
EOG VIIRS,2024,flare upstream,7072,5.822861,6.455269,upstream,0.00013415025472,BCM 2024,,5970.0,2544.0
EOG VIIRS,2024,flare upstream,7073,5.72013,6.487277,upstream,0.03771919206,BCM 2024,,5971.0,2411.0
EOG VIIRS,2024,flare upstream,7074,5.100966,6.506602,upstream,0.05884366557,BCM 2024,,5972.0,2536.0
EOG VIIRS,2024,flare upstream,7075,5.660747,6.51644,upstream,0.11193649138,BCM 2024,,5973.0,2534.0
EOG VIIRS,2024,flare upstream,7077,5.804485,6.560152,upstream,0.0,BCM 2024,,5976.0,2512.0
EOG VIIRS,2024,flare upstream,7078,5.113752,6.556382,upstream,0.005526670899,BCM 2024,,5977.0,2432.0
EOG VIIRS,2024,flare upstream,7079,5.688038,6.589777,upstream,0.03269865494,BCM 2024,,5978.0,2580.0
EOG VIIRS,2024,flare upstream,7080,5.251638,6.599601,upstream,0.07939017851,BCM 2024,,5981.0,2554.0
EOG VIIRS,2024,flare upstream,7082,5.238684,6.626748,upstream,0.013978074718,BCM 2024,,5982.0,2400.0
EOG VIIRS,2024,flare upstream,7084,5.387331,6.656847,upstream,0.10205245569,BCM 2024,,5984.0,2555.0
EOG VIIRS,2024,flare upstream,7085,5.248445,6.660469,upstream,0.004416070791,BCM 2024,,5985.0,2313.0
EOG VIIRS,2024,flare upstream,7086,5.635682,6.669538,upstream,0.06374473598,BCM 2024,,5987.0,2563.0
EOG VIIRS,2024,flare upstream,7087,5.53538,6.675602,upstream,0.04031018137,BCM 2024,,5988.0,2538.0
EOG VIIRS,2024,flare upstream,7088,5.389455,6.66804,upstream,0.015592137482,BCM 2024,,5984.0,2555.0
EOG VIIRS,2024,flare upstream,7089,5.460288,6.694784,upstream,0.05018423704,BCM 2024,,5990.0,2552.0
EOG VIIRS,2024,flare upstream,7090,5.194254,6.761893,upstream,0.007816204899,BCM 2024,,5995.0,2463.0
EOG VIIRS,2024,flare upstream,7091,5.392365,6.801812,upstream,0.008698526726,BCM 2024,,nan,nan
EOG VIIRS,2024,flare upstream,7092,5.620419,6.814615,upstream,0.04265401842,BCM 2024,,5997.0,2541.0
EOG VIIRS,2024,flare upstream,7093,5.506484,6.81579,upstream,0.004199504357,BCM 2024,,5998.0,2507.0
EOG VIIRS,2024,flare upstream,7094,5.505105,6.831634,upstream,0.14711899718,BCM 2024,,5998.0,2507.0
EOG VIIRS,2024,flare upstream,7095,5.305185,6.838838,upstream,0.006516483412,BCM 2024,,5999.0,nan
EOG VIIRS,2024,flare upstream,7097,5.153345,6.861295,upstream,0.015204531117,BCM 2024,,nan,nan
EOG VIIRS,2024,flare upstream,7098,5.246943,6.865674,upstream,0.009787963321,BCM 2024,,nan,nan
EOG VIIRS,2024,flare upstream,7099,5.203406,6.901922,upstream,0.00666401159,BCM 2024,,6001.0,nan
EOG VIIRS,2024,flare upstream,7100,5.144782,6.920059,upstream,0.015145296763,BCM 2024,,6002.0,2473.0
EOG VIIRS,2024,flare upstream,7101,5.009683,7.018853,upstream,0.012003263584,BCM 2024,,6003.0,2347.0
EOG VIIRS,2024,flare upstream,7131,4.555865,4.614458,upstream,0.010263511274,BCM 2024,,6028.0,2445.0
EOG VIIRS,2024,flare upstream,7132,4.803715,5.311669,upstream,0.022544307473,BCM 2024,,6029.0,2533.0
EOG VIIRS,2024,flare upstream,7133,4.99431,5.554702,upstream,0.011924891074,BCM 2024,,6030.0,2499.0
EOG VIIRS,2024,flare upstream,7134,3.4669,5.561114,upstream,0.10777658422,BCM 2024,,6031.0,2537.0
EOG VIIRS,2024,flare upstream,7135,4.938598,5.606999,upstream,0.024817110263,BCM 2024,,6032.0,nan
EOG VIIRS,2024,flare upstream,7136,4.87992,5.615442,upstream,0.028883821648,BCM 2024,,6033.0,2581.0
EOG VIIRS,2024,flare upstream,7137,4.784701,5.651288,upstream,0.008709563454,BCM 2024,,6034.0,nan
EOG VIIRS,2024,flare upstream,7138,4.99963,5.686444,upstream,0.009161452889,BCM 2024,,6035.0,2475.0
EOG VIIRS,2024,flare upstream,7139,4.508587,5.739938,upstream,0.010303666178,BCM 2024,,6036.0,2584.0
EOG VIIRS,2024,flare upstream,7140,4.914249,5.772742,upstream,0.00642155581,BCM 2024,,6037.0,2464.0
EOG VIIRS,2024,flare upstream,7141,4.327629,5.821404,upstream,0.013817983456,BCM 2024,,6039.0,2469.0
EOG VIIRS,2024,flare upstream,7142,3.936771,5.870283,upstream,0.06723128532,BCM 2024,,6040.0,2612.0
EOG VIIRS,2024,flare upstream,7143,4.557314,5.921013,upstream,0.005822226256,BCM 2024,,6041.0,2480.0
EOG VIIRS,2024,flare upstream,7144,4.33946,5.92537,upstream,0.03632697927,BCM 2024,,6042.0,2518.0
EOG VIIRS,2024,flare upstream,7146,4.815061,5.961613,upstream,0.07294660795,BCM 2024,,6043.0,2486.0
EOG VIIRS,2024,flare upstream,7147,4.664232,6.077392,upstream,0.003199095411,BCM 2024,,6045.0,2524.0
EOG VIIRS,2024,flare upstream,7148,4.802075,6.089876,upstream,0.006154472863,BCM 2024,,6046.0,2489.0
EOG VIIRS,2024,flare upstream,7149,4.630011,6.263556,upstream,0.04500020371,BCM 2024,,6047.0,2510.0
EOG VIIRS,2024,flare upstream,7150,4.452816,6.28332,upstream,0.007121125859,BCM 2024,,6048.0,2369.0
EOG VIIRS,2024,flare upstream,7151,4.434722,6.324693,upstream,0.021045572646,BCM 2024,,6050.0,2437.0
EOG VIIRS,2024,flare upstream,7152,4.453832,6.325301,upstream,0.03789384241,BCM 2024,,6049.0,2456.0
EOG VIIRS,2024,flare upstream,7153,4.442201,6.361206,upstream,0.03869400519,BCM 2024,,6051.0,2450.0
EOG VIIRS,2024,flare upstream,7154,3.941491,6.397127,upstream,0.04034188261,BCM 2024,,6053.0,2519.0
EOG VIIRS,2024,flare upstream,7155,4.540927,6.503327,upstream,0.005184209448,BCM 2024,,6054.0,2414.0
EOG VIIRS,2024,flare upstream,7156,4.656921,6.614931,upstream,0.05479177745,BCM 2024,,6055.0,2476.0
EOG VIIRS,2024,flare upstream,7157,4.527717,6.63114,upstream,0.009011928707,BCM 2024,,6056.0,2523.0
EOG VIIRS,2024,flare upstream,7158,4.930851,6.652761,upstream,0.005945831739,BCM 2024,,6057.0,2353.0
EOG VIIRS,2024,flare upstream,7159,4.803694,6.664725,upstream,0.014557855174,BCM 2024,,nan,nan
EOG VIIRS,2024,flare upstream,7160,4.550456,6.665379,upstream,0.017779493689,BCM 2024,,6058.0,2434.0
EOG VIIRS,2024,flare upstream,7161,3.0538,6.694602,upstream,0.004186853214,BCM 2024,,nan,2619.0
EOG VIIRS,2024,flare upstream,7162,4.560954,6.710024,upstream,0.015705087826,BCM 2024,,6059.0,2477.0
EOG VIIRS,2024,flare upstream,7163,4.902153,6.714424,upstream,0.012065609356,BCM 2024,,6060.0,nan
EOG VIIRS,2024,flare upstream,7166,4.531278,6.818696,upstream,0.03333209268,BCM 2024,,6065.0,2291.0
EOG VIIRS,2024,flare upstream,7167,3.143149,6.82297,upstream,0.03342572875,BCM 2024,,6066.0,2520.0
EOG VIIRS,2024,flare upstream,7169,4.934352,6.976306,upstream,0.04098295213,BCM 2024,,6070.0,2404.0
EOG VIIRS,2024,flare upstream,7170,4.559915,6.973533,upstream,0.018839489225,BCM 2024,,6069.0,2443.0
EOG VIIRS,2024,flare upstream,7171,3.855679,6.980458,upstream,0.09880689448,BCM 2024,,6071.0,2461.0
EOG VIIRS,2024,flare upstream,7173,4.557735,7.003151,upstream,0.06387183447,BCM 2024,,6072.0,2579.0
EOG VIIRS,2024,flare upstream,7175,4.931245,7.015975,upstream,0.0399553036,BCM 2024,,6073.0,2378.0
EOG VIIRS,2024,flare upstream,7176,4.531912,7.031004,upstream,0.0001348388761,BCM 2024,,6074.0,2500.0
EOG VIIRS,2024,flare upstream,7177,4.551905,7.044664,upstream,0.03723046461,BCM 2024,,6075.0,2500.0
EOG VIIRS,2024,flare upstream,7178,4.655266,7.059268,upstream,0.03582944592,BCM 2024,,6076.0,2322.0
EOG VIIRS,2024,flare upstream,7179,4.661083,7.07015,upstream,0.0368497562,BCM 2024,,6078.0,2322.0
EOG VIIRS,2024,flare upstream,7183,4.98319,7.11762,upstream,0.06465761428,BCM 2024,,6080.0,2457.0
EOG VIIRS,2024,flare upstream,7185,4.893327,7.119671,upstream,0.09556514916,BCM 2024,,6081.0,2367.0
EOG VIIRS,2024,flare upstream,7186,4.893383,7.130157,upstream,0.006817351662,BCM 2024,,6081.0,2367.0
EOG VIIRS,2024,flare upstream,7191,4.981409,7.181062,upstream,0.04882636726,BCM 2024,,6084.0,2388.0
EOG VIIRS,2024,flare upstream,7193,4.469913,7.195845,upstream,0.016022217638,BCM 2024,,6085.0,2352.0
EOG VIIRS,2024,flare upstream,7194,4.867108,7.245825,upstream,0.03261265065,BCM 2024,,6086.0,2292.0
EOG VIIRS,2024,flare upstream,7195,4.844138,7.254487,upstream,0.05717054457,BCM 2024,,6087.0,2297.0
EOG VIIRS,2024,flare upstream,7196,4.936647,7.283349,upstream,0.0,BCM 2024,,6088.0,nan
EOG VIIRS,2024,flare upstream,7197,3.990722,7.289835,upstream,0.07936728317,BCM 2024,,6089.0,2577.0
EOG VIIRS,2024,flare upstream,7198,3.57675,7.393808,upstream,0.13671834869,BCM 2024,,6090.0,2591.0
EOG VIIRS,2024,flare upstream,7199,4.460788,7.467925,upstream,0.05050359768,BCM 2024,,6092.0,2578.0
EOG VIIRS,2024,flare upstream,7200,4.016994,7.46949,upstream,0.004498229838,BCM 2024,,6091.0,2529.0
EOG VIIRS,2024,flare upstream,7201,4.018041,7.491752,upstream,0.21130608287,BCM 2024,,6093.0,2529.0
EOG VIIRS,2024,flare upstream,7202,4.013349,7.509846,upstream,0.007809013414,BCM 2024,,6094.0,2529.0
EOG VIIRS,2024,flare upstream,7203,4.136784,7.51562,upstream,0.03481383212,BCM 2024,,6095.0,2525.0
EOG VIIRS,2024,flare upstream,7204,4.107661,7.624484,upstream,0.023002155567,BCM 2024,,6096.0,2551.0
EOG VIIRS,2024,flare upstream,7205,4.310327,7.635957,upstream,0.002976775789,BCM 2024,,6097.0,2598.0
EOG VIIRS,2024,flare upstream,7206,4.305948,7.65975,upstream,0.16906858352,BCM 2024,,6098.0,2598.0
EOG VIIRS,2024,flare upstream,7207,4.036326,7.686154,upstream,0.0,BCM 2024,,6099.0,2415.0
EOG VIIRS,2024,flare upstream,7208,4.517509,7.757492,upstream,0.10211820641,BCM 2024,,6100.0,nan
EOG VIIRS,2024,flare upstream,7209,3.9795,7.757746,upstream,0.016163581686,BCM 2024,,6101.0,2325.0
EOG VIIRS,2024,flare upstream,7210,3.956649,7.758233,upstream,0.0,BCM 2024,,6102.0,2343.0
EOG VIIRS,2024,flare upstream,7211,3.954999,7.774667,upstream,0.0,BCM 2024,,6103.0,2392.0
EOG VIIRS,2024,flare upstream,7212,4.243924,7.793476,upstream,0.007090158444,BCM 2024,,6104.0,2483.0
EOG VIIRS,2024,flare upstream,7213,4.106638,7.799513,upstream,0.028204622581,BCM 2024,,6105.0,2570.0
EOG VIIRS,2024,flare upstream,7214,4.405051,7.828229,upstream,0.029012123611,BCM 2024,,6106.0,2521.0
EOG VIIRS,2024,flare upstream,7215,4.147587,7.97199,upstream,0.14149232061,BCM 2024,,6107.0,2535.0
EOG VIIRS,2024,flare upstream,7216,4.366458,7.9976,upstream,0.010305075122,BCM 2024,,6108.0,2567.0
EOG VIIRS,2024,flare upstream,7217,4.554545,8.009399,upstream,0.07292136437,BCM 2024,,6110.0,2334.0
EOG VIIRS,2024,flare upstream,7218,4.606912,8.01561,upstream,0.003369665694,BCM 2024,,6109.0,2419.0
EOG VIIRS,2024,flare upstream,7219,4.644997,8.046128,upstream,0.012102095135,BCM 2024,,nan,nan
EOG VIIRS,2024,flare upstream,7221,4.128928,8.096041,upstream,0.023494640201,BCM 2024,,6112.0,2574.0
EOG VIIRS,2024,flare upstream,7223,4.275852,8.163957,upstream,0.00592578364,BCM 2024,,6116.0,2628.0
EOG VIIRS,2024,flare upstream,7224,4.291424,8.166389,upstream,0.09226469784,BCM 2024,,6115.0,2592.0
EOG VIIRS,2024,flare upstream,7225,4.101968,8.171894,upstream,0.009079616725,BCM 2024,,6117.0,2299.0
EOG VIIRS,2024,flare upstream,7226,4.582822,8.190477,upstream,0.018394556451,BCM 2024,,6118.0,2448.0
EOG VIIRS,2024,flare upstream,7227,4.354772,8.245271,upstream,0.03610888648,BCM 2024,,6119.0,2471.0
EOG VIIRS,2024,flare upstream,7228,4.272892,8.337764,upstream,0.04254394467,BCM 2024,,6120.0,2472.0
EOG VIIRS,2024,flare upstream,7229,4.318461,8.365681,upstream,0.05800593095,BCM 2024,,6121.0,2571.0
EOG VIIRS,2024,flare upstream,7235,4.577793,8.422082,upstream,0.0019058491958,BCM 2024,,6127.0,2346.0
EOG VIIRS,2024,flare oil downstream,6999,6.48527,3.998425,refinery,0.05610356302,BCM 2024,,nan,nan
EOG VIIRS,2024,flare oil downstream,7041,5.563776,5.714011,refinery,0.003104490692,BCM 2024,,nan,2514.0
EOG VIIRS,2024,flare oil downstream,7096,5.355148,6.84143,refinery,0.009808980069,BCM 2024,,6000.0,2333.0
EOG VIIRS,2024,flare oil downstream,7180,4.768143,7.101669,refinery,0.007831439106,BCM 2024,,nan,2568.0
EOG VIIRS,2024,flare oil downstream,7181,4.844005,7.10324,refinery,0.008113903025,BCM 2024,,6079.0,2410.0
EOG VIIRS,2024,flare oil downstream,7182,4.832697,7.108039,refinery,0.007956864475,BCM 2024,,6079.0,2364.0
EOG VIIRS,2024,flare gas downstream,7017,5.616019,5.201408,gpp,0.04753395467,BCM 2024,,5927.0,2575.0
EOG VIIRS,2024,flare gas downstream,7035,5.757039,5.514184,gpp,0.00970087297,BCM 2024,,nan,nan
EOG VIIRS,2024,flare gas downstream,7164,4.960107,6.772951,gpp,0.004145582896,BCM 2024,,6061.0,2332.0
EOG VIIRS,2024,flare gas downstream,7174,4.696029,7.012722,gpp,0.0004919181211,BCM 2024,,nan,nan
EOG VIIRS,2024,flare gas downstream,7187,4.416204,7.140559,lng,0.03340165929,BCM 2024,,6082.0,2422.0
EOG VIIRS,2024,flare gas downstream,7188,4.424839,7.151403,lng,0.07209038094,BCM 2024,,6083.0,2326.0
EOG VIIRS,2024,flare gas downstream,7189,4.423512,7.161621,lng,0.11440478515,BCM 2024,,6083.0,2323.0
EOG VIIRS,2024,flare gas downstream,7190,4.419145,7.172001,lng,0.014124722306,BCM 2024,,6083.0,2494.0
